date,GDP,OUTBS,OUTNFB,GPDIC1,INDPRO,CMRMTSPLx,IPMAT,FPIx,IPFINAL,IPDMAT,ADS_Index_lag_1,ADS_Index_lag_2,ADS_Index_lag_3,ADS_Index_lag_4,ADS_Index_lag_5
1960-09-01,0.004880816,-0.002543922,0.000345205,0.00397773,-0.016579015,-0.007341153,-0.021350655,-0.021665598,-0.013084998,-0.028768197,-0.8046025483870969,-0.9575551612903225,-1.6084833333333337,-1.5461729032258067,-0.5894275333333334
1960-12-01,-0.012917411,-0.117410877,-0.022572221,-0.019354704,-0.024400241,-0.012685181,-0.042882655,-0.001998884,-0.011300421,-0.066879961,-2.2172463333333337,-1.2831793548387098,-1.1559766666666669,-0.8046025483870969,-0.9575551612903225
1961-03-01,0.006727609,0.025621417,0.007152519,0.005707877,-0.015256251,-0.017594872,-0.020689217,-0.008522702,-0.014603898,-0.045300224,-0.5503929642857143,-0.9705526451612905,-2.399978387096774,-2.2172463333333337,-1.2831793548387098
1961-06-01,0.016832324,0.067722038,0.023669061,0.020260197,0.038876978,0.015192505,0.058063751,0.0162645,0.025904319,0.080107362,1.4887709677419356,1.0705664999999998,0.38023324193548386,-0.5503929642857143,-0.9705526451612905
1961-09-01,0.019014468,0.074868305,0.022731456,0.020851511,0.031406679,0.026762685,0.047383156,0.023736264,0.018808202,0.073791993,0.8673943225806451,1.1728254838709677,1.4653710000000002,1.4887709677419356,1.0705664999999998
1961-12-01,0.019421273,0.016410318,0.021080132,0.019289689,0.034467967,0.02463301,0.039104453,0.031114202,0.034013274,0.040048161,1.6404619999999999,1.3723426129032257,0.44701866666666673,0.8673943225806451,1.1728254838709677
1962-03-01,0.017678797,0.052512354,0.020002829,0.019667845,0.014827041,0.015202027,0.017215455,0.01895018,0.015318079,0.024772168,1.098923785714286,-0.09902608161290322,0.7472376612903225,1.6404619999999999,1.3723426129032257
1962-06-01,0.008996131,-0.007916511,0.007784215,0.008560158,0.009643291,0.001575643,-0.00534858,0.027965466,0.021836397,-0.012845261,-0.2598802548387097,0.6119261999999999,0.8156576774193548,1.098923785714286,-0.09902608161290322
1962-09-01,0.012210229,0.016850147,0.014447156,0.012808289,0.010607243,0.002574272,0.006062593,0.008047119,0.013367524,0.00394189,0.23684716129032257,0.3604046580645162,-0.3124759236666668,-0.2598802548387097,0.6119261999999999
1962-12-01,0.003283211,-0.029694063,0.001203275,0.001971978,0.008408545,0.014663556,0.010249343,-0.00303155,0.006964216,0.014208976,-0.1493258,-0.03412700290322581,0.30127773333333335,0.23684716129032257,0.3604046580645162
1963-03-01,0.010856905,0.051275586,0.008952798,0.011648415,0.018315955,0.005200414,0.018125624,0.012985473,0.02365742,0.015054314,0.6949529642857143,0.2863138912903226,-0.23317429032258066,-0.1493258,-0.03412700290322581
1963-06-01,0.011158748,0.01578329,0.01384301,0.011463633,0.026028852,0.018643557,0.040283661,0.043608064,0.009779966,0.054759658,0.6224223548387094,0.9246844,0.6474606774193548,0.6949529642857143,0.2863138912903226
1963-09-01,0.021746089,0.03032394,0.027024584,0.024569047,0.006650503,0.013350635,0.000997172,0.024347881,0.011016684,-0.012570524,0.33363570322580643,0.013880920774193548,0.1916134033333333,0.6224223548387094,0.9246844
1963-12-01,0.006534562,0.012068567,0.007038792,0.006552555,0.01676373,0.008540609,0.018064614,0.029441227,0.015147989,0.024997749,0.016934512333333335,0.689718935483871,0.9259311666666666,0.33363570322580643,0.013880920774193548
1964-03-01,0.020863619,0.03674244,0.026708542,0.02425655,0.013596872,0.016259479,0.016146283,0.033991839,0.010730163,0.013867686,0.9811160000000001,0.6424497419354838,0.03419233225806453,0.016934512333333335,0.689718935483871
1964-06-01,0.010828209,-0.00360741,0.009858426,0.010584127,0.023202849,0.009953412,0.024363495,-0.001900197,0.022389634,0.029367109,0.7070403870967745,0.7655427333333334,0.5301300967741936,0.9811160000000001,0.6424497419354838
1964-09-01,0.015502227,0.023070992,0.016670595,0.017255183,0.015892992,0.017341276,0.027745359,0.016145394,0.010382411,0.036359789,0.8085353548387098,0.6913216451612904,0.4229792333333334,0.7070403870967745,0.7655427333333334
1964-12-01,0.003084168,0.009453695,4.68e-05,0.001350879,0.015040677,0.007142292,0.022547217,0.008606338,0.011202513,0.025470526,1.739487066666667,-0.682882580645161,0.3082280975666667,0.8085353548387098,0.6913216451612904
1965-03-01,0.023909529,0.091069551,0.029577444,0.029040736,0.037073309,0.027919007,0.037057775,0.0441391,0.041230186,0.051585861,1.1255817857142858,1.111564516129032,1.4706429032258068,1.739487066666667,-0.682882580645161
1965-06-01,0.012553584,0.002623936,0.014489409,0.01267091,0.022921442,0.017353499,0.028241453,0.027898051,0.021450084,0.034138241,0.8273439999999999,0.8924821666666667,1.2062106451612902,1.1255817857142858,1.111564516129032
1965-09-01,0.021989138,0.034225269,0.022641139,0.02395509,0.020725955,0.010827245,0.0220345,0.026747661,0.019291059,0.028579609,0.9212364838709679,1.1413800000000003,0.8778851999999998,0.8273439999999999,0.8924821666666667
1965-12-01,0.02277901,0.006600884,0.026671706,0.024883974,0.020027669,0.031070144,0.009486949,0.022975493,0.027559584,-0.000784087,1.1348316666666665,1.1073511290322582,0.8462948,0.9212364838709679,1.1413800000000003
1966-03-01,0.024050767,0.076863819,0.027764371,0.02751159,0.028239247,0.02116967,0.033173864,0.036736905,0.027091737,0.04092883,1.2712507142857146,1.1660874193548387,1.3709229032258063,1.1348316666666665,1.1073511290322582
1966-06-01,0.003410345,-0.014914454,0.002775881,0.000868325,0.02066812,0.002333329,0.022966238,-0.009749834,0.021369532,0.031815593,0.7231919677419356,0.5933239,1.4486845161290327,1.2712507142857146,1.1660874193548387
1966-09-01,0.00843339,-0.007404178,0.007994438,0.00548195,0.015354208,0.004988612,0.018951962,0.001073939,0.015209691,0.017329769,0.2836721935483871,0.46753903225806465,0.8207788333333335,0.7231919677419356,0.5933239
1966-12-01,0.008170255,0.005843702,0.003646275,0.005860793,0.009511974,-0.001256025,0.003747669,-0.02693697,0.017032796,0.004287087,-0.14428684966666666,0.5139836774193548,0.5222801666666667,0.2836721935483871,0.46753903225806465
1967-03-01,0.008816883,-0.024848351,0.006806213,0.008220785,-0.005524646,-0.011576766,-0.028110492,-0.019269744,0.005124413,-0.040344517,-0.7597361071428572,0.20395025483870965,0.043364568709677434,-0.14428684966666666,0.5139836774193548
1967-06-01,0.000612522,-0.036848183,-0.002358588,-0.00146015,-0.004085257,0.004797051,-0.01750386,0.024294577,0.00440082,-0.03463693,-0.4099374516129033,-0.2290991,-0.4701361612903226,-0.7597361071428572,0.20395025483870965
1967-09-01,0.009416848,0.028900803,0.00843271,0.008366897,0.006856953,0.008268792,0.011994698,0.011896626,-0.00148235,0.008970466,0.9449371612903229,-0.011717046451612874,-0.22729243333333335,-0.4099374516129033,-0.2290991
1967-12-01,0.007511918,0.021341179,0.007400886,0.006819393,0.026406989,0.025054911,0.02966563,0.029557888,0.027841475,0.025238942,1.6400823333333336,0.2409598503225806,0.1328089656666667,0.9449371612903229,-0.011717046451612874
1968-03-01,0.020189739,0.019849879,0.023916249,0.022375128,0.014173428,0.013614219,0.018058161,0.022114331,0.012168535,0.025882658,0.5102485862068966,0.03396325677419356,1.174279129032258,1.6400823333333336,0.2409598503225806
1968-06-01,0.016570048,0.037536726,0.018798639,0.017861423,0.013390998,0.008921141,0.02161735,-0.002443501,0.006262187,0.020332725,0.6687250967741935,0.3651594666666667,0.3483467741935483,0.5102485862068966,0.03396325677419356
1968-09-01,0.007719847,-0.027650566,0.007459724,0.007231575,0.007729398,0.009703347,0.005040981,0.01543951,0.009608834,-0.006647667,-0.0559560990967742,0.28844677999999985,0.7125931999999999,0.6687250967741935,0.3651594666666667
1968-12-01,0.003925313,0.010819544,0.003766053,0.003919112,0.015070828,0.019584993,0.013728285,0.023376636,0.014341838,0.020457323,0.8748067666666667,0.6236406451612905,0.28714394000000004,-0.0559560990967742,0.28844677999999985
1969-03-01,0.01552986,0.057216858,0.017277828,0.017355076,0.019267122,-0.001070674,0.022337528,0.027494714,0.013764358,0.021620311,0.6049824642857142,0.28021396774193547,0.27007919354838716,0.8748067666666667,0.6236406451612905
1969-06-01,0.003035462,-0.005908584,0.001007106,0.001156307,0.004355363,0.006627769,0.012440526,0.005335527,-0.003046109,0.005127896,-0.08125086258064515,-0.03838845633333334,0.5522343870967743,0.6049824642857142,0.28021396774193547
1969-09-01,0.006583403,0.020098738,0.00594731,0.006206237,0.011933131,0.008490214,0.016206065,0.0143028,0.012007882,0.022319975,0.3888844193548386,0.28421745161290324,0.3638301333333333,-0.08125086258064515,-0.03838845633333334
1969-12-01,-0.004888783,-0.049489455,-0.007850473,-0.007735831,-0.006291123,0.008401052,-0.000544681,-0.022459335,-0.012593655,-0.010644037,-1.0501088333333335,-0.10505591193548386,-0.128511624,0.3888844193548386,0.28421745161290324
1970-03-01,-0.001485953,-0.03027902,-0.000822092,-0.000746993,-0.024524855,-0.021897888,-0.033475918,-0.004989856,-0.018717045,-0.066971122,-0.8140780357142858,-1.6151070967741938,-1.025770129032258,-1.0501088333333335,-0.10505591193548386
1970-06-01,0.001418191,0.002171429,0.001419553,0.001717251,-0.005514595,-0.004067386,-0.014102539,-0.020757446,-0.000665019,-0.028358434,-0.6963707419354839,-1.0971681666666666,-0.693294,-0.8140780357142858,-1.6151070967741938
1970-09-01,0.009173548,0.016142258,0.010656767,0.010795675,-0.003589102,0.006425564,0.0066159,0.016721276,-0.013515742,0.003317555,-0.5790123548387097,-0.1504346129032258,-0.4208449666666666,-0.6963707419354839,-1.0971681666666666
1970-12-01,-0.01077427,-0.05455395,-0.016835289,-0.015956302,-0.021854324,-0.012560876,-0.02386693,-0.000368074,-0.023931943,-0.058766033,-1.3958971700000002,-2.5253480645161295,-1.214009533333333,-0.5790123548387097,-0.1504346129032258
1971-03-01,0.026797629,0.110275558,0.033755051,0.033295239,0.019097644,0.029954501,0.023413282,0.0201592,0.018900452,0.051808776,0.17273122678571431,1.166379419354839,1.3603222258064516,-1.3958971700000002,-2.5253480645161295
1971-06-01,0.005396532,0.027980646,0.006190625,0.00636231,0.009015695,0.017857704,0.015200037,0.036713086,0.003390688,0.013070187,0.38351896774193545,0.34305603333333334,0.07449547948387097,0.17273122678571431,1.166379419354839
1971-09-01,0.008196166,0.012059116,0.00948283,0.00943251,0.003077746,0.006286146,-0.01514298,0.017026672,0.013657979,-0.041628693,-0.3102009193548388,-0.5143683870967742,0.09986374700000002,0.38351896774193545,0.34305603333333334
1971-12-01,0.002355018,-0.027298247,0.001964321,0.001783231,0.022916182,0.023069484,0.021584935,0.025921094,0.021497089,0.047370555,0.6402674666666667,0.425374064516129,0.8246103666666666,-0.3102009193548388,-0.5143683870967742
1972-03-01,0.018222492,0.063814922,0.026720827,0.023767469,0.04154295,0.021154387,0.055197176,0.041810379,0.029529283,0.061677094,0.9834282413793103,1.7013506451612903,1.1798074838709678,0.6402674666666667,0.425374064516129
1972-06-01,0.022443838,0.055245623,0.026769717,0.028539066,0.018886727,0.020916964,0.021530938,0.017082242,0.01579386,0.031448105,0.6811330322580645,1.0361934999999998,1.011586419354839,0.9834282413793103,1.7013506451612903
1972-09-01,0.009399595,0.014101847,0.011433692,0.010595992,0.012654114,0.02032605,0.007768549,0.011317768,0.01545685,0.014028624,1.3099752903225812,-0.06660923225806452,0.2862642666666667,0.6811330322580645,1.0361934999999998
1972-12-01,0.016605967,0.006250993,0.018879734,0.019811812,0.034395875,0.049969293,0.036738458,0.042866633,0.035370665,0.051953391,1.6160316666666665,1.694503548387097,1.2911973333333333,1.3099752903225812,-0.06660923225806452
1973-03-01,0.024446855,0.05695083,0.037291802,0.031769201,0.027941453,0.027427058,0.032969115,0.03846927,0.024805286,0.053515135,1.2500994285714289,1.2832448387096775,1.3981693548387097,1.6160316666666665,1.694503548387097
1973-06-01,0.010827683,0.041742798,0.010815335,0.013227247,0.008321745,-0.009098035,0.009778809,0.007691259,0.006189117,0.016602146,0.1200523170967742,-0.17783138333333331,0.28722985258064526,1.2500994285714289,1.2832448387096775
1973-09-01,-0.005272903,-0.036933971,-0.002724243,-0.008250456,0.008586245,-0.000458319,0.010039413,-0.002674102,0.006524726,0.016513878,-0.4677827096774193,-0.09488039838709676,0.1034339133333333,0.1200523170967742,-0.17783138333333331
1973-12-01,0.009447486,0.034999962,-0.00125502,0.009973811,0.014820079,0.029145217,0.016446376,-0.008237917,0.015212863,0.01850104,0.8585679666666668,1.20934835483871,0.16442523,-0.4677827096774193,-0.09488039838709676
1974-03-01,-0.008634824,-0.058801341,-0.006551617,-0.014442278,-0.008860966,-0.004909845,-0.005255475,-0.019549826,-0.015503739,-0.0192962,-0.9251009642857143,-1.1350258064516132,-0.5634046016129033,0.8585679666666668,1.20934835483871
1974-06-01,0.002373951,-0.003999583,-0.000316066,0.001459993,0.000589479,-0.004942158,-0.001554383,-0.012304133,0.003814932,-0.000915404,-0.06006315651612902,-0.5753689666666666,-0.7286127096774193,-0.9251009642857143,-1.1350258064516132
1974-09-01,-0.009496285,-0.053219689,-0.013750296,-0.013924599,-0.003949302,-0.012464141,-0.006976871,-0.016595938,0.004322198,-0.011243486,-1.333644838709677,-0.7198728387096773,-0.421963,-0.06006315651612902,-0.5753689666666666
1974-12-01,-0.003888965,0.006050589,-0.007527782,-0.006970918,-0.040507022,-0.043163249,-0.051488464,-0.05557629,-0.025450316,-0.052486199,-3.446647,-1.4501906451612905,-1.1573430000000002,-1.333644838709677,-0.7198728387096773
1975-03-01,-0.012247703,-0.175639203,-0.024053447,-0.018500283,-0.068360394,-0.040439983,-0.070104664,-0.059076188,-0.067195563,-0.110703629,-2.8685314285714276,-2.9744761290322588,-4.195255483870969,-3.446647,-1.4501906451612905
1975-06-01,0.007120029,-0.030223034,0.00662658,0.007919207,-0.013593996,-0.00981546,-0.025671778,-0.011945436,0.00595328,-0.048589693,-0.170259235483871,-0.9349296666666668,-2.3740280645161285,-2.8685314285714276,-2.9744761290322588
1975-09-01,0.016971737,0.074667234,0.021197842,0.021019315,0.024259179,0.01942706,0.021430231,0.023838576,0.029692685,0.016178381,1.1718603225806452,0.8216109354838711,0.148182024,-0.170259235483871,-0.9349296666666668
1975-12-01,0.013375227,0.027531066,0.018012761,0.016874954,0.021576141,0.009228328,0.026801243,0.019674524,0.016701446,0.024426623,0.2234756666666667,0.5088015483870969,0.8105962666666665,1.1718603225806452,0.8216109354838711
1976-03-01,0.022238491,0.092110931,0.031014819,0.028610211,0.030289391,0.036424962,0.037652302,0.040079228,0.023036472,0.056431901,1.308988448275862,1.8630022580645162,1.1269186451612903,0.2234756666666667,0.5088015483870969
1976-06-01,0.007310171,0.038816621,0.009754093,0.008811436,0.01269915,0.01459173,0.016307181,0.016391767,0.008191255,0.03345951,-0.025010051000000005,0.37981319999999996,0.5849301290322579,1.308988448275862,1.8630022580645162
1976-09-01,0.005472205,0.003478577,0.006410085,0.006022565,0.013279618,0.011723543,0.013208513,0.011235376,0.009885038,0.023636245,0.2790337419354839,0.274617064516129,0.06749370927666667,-0.025010051000000005,0.37981319999999996
1976-12-01,0.007222319,0.007453343,0.008284107,0.008472845,0.017876842,0.010872051,0.012300362,0.046368173,0.024158066,0.006410867,1.0589617333333332,-0.2946726387096774,-0.005612622333333332,0.2790337419354839,0.274617064516129
1977-03-01,0.01174567,0.045288671,0.016894296,0.015968048,0.020535694,0.028919886,0.019023457,0.033882024,0.02490465,0.022672319,1.0870285,0.045716923870967735,1.118285129032258,1.0589617333333332,-0.2946726387096774
1977-06-01,0.019254528,0.069238008,0.022895332,0.02374275,0.030514848,0.014676884,0.032457286,0.050668586,0.025282067,0.04242038,0.8350059032258064,0.9951785666666666,1.4136441935483872,1.0870285,0.045716923870967735
1977-09-01,0.017882656,0.049364066,0.021089913,0.020941982,0.010738126,0.011231129,0.006143008,0.012582102,0.014535267,0.005428552,0.30812009677419344,0.492791129032258,0.8992944000000002,0.8350059032258064,0.9951785666666666
1977-12-01,2.19e-05,-0.025405294,-0.003070382,-0.000986013,0.006469856,0.017909254,0.00600316,0.016937372,0.006718615,0.018927639,0.36691009999999996,0.4029936129032257,0.6473770333333333,0.30812009677419344,0.492791129032258
1978-03-01,0.003186694,0.019302543,0.005121434,0.001183099,-0.002787799,-0.002285681,-0.011201284,0.008808152,0.005579936,0.002634502,0.3302984428571429,-1.1846345483870966,-0.043030412903225804,0.36691009999999996,0.4029936129032257
1978-06-01,0.03791458,0.062928004,0.048271443,0.047501028,0.03945432,0.045183453,0.046684269,0.066067591,0.034879653,0.037798525,1.3347502258064516,2.679996,1.9643541935483873,0.3302984428571429,-1.1846345483870966
1978-09-01,0.010005012,0.028719323,0.008999235,0.010946871,0.008680814,0.002984598,0.008385673,0.026803528,0.009747267,0.021707522,0.3384430967741935,0.050264952903225794,0.7979497000000002,1.3347502258064516,2.679996
1978-12-01,0.013351929,0.022862092,0.018513941,0.014656139,0.017738209,0.0163317,0.018856888,0.021837289,0.01679469,0.031255226,0.7996106999999999,0.702386,0.25271546666666667,0.3384430967741935,0.050264952903225794
1979-03-01,0.001796222,0.001659907,-0.001953355,0.001255263,0.004227271,0.0004226,-0.000933645,0.009102045,0.009554783,-0.002033637,-0.034499117499999996,-0.5057431935483871,0.36652899677419354,0.7996106999999999,0.702386
1979-06-01,0.001068719,-0.000901044,0.00130266,0.001201484,-0.002158414,0.001228495,0.000605166,-0.005558801,-0.006748111,-0.006209379,0.1610174129032258,-1.0402279666666667,0.3270280358064515,-0.034499117499999996,-0.5057431935483871
1979-09-01,0.007401278,-0.016984191,0.00780636,0.008810172,-0.002802172,-0.001575921,-0.006741585,0.017557976,0.001866748,-0.008082431,-0.5976995483870968,-0.5013926774193549,-0.05371583333333334,0.1610174129032258,-1.0402279666666667
1979-12-01,0.002497614,-0.017897978,0.001084431,0.001447927,0.003822786,-0.006912584,0.001759122,-0.009144039,0.005687638,-0.007852859,-0.3660108666666667,-0.1924432903225807,-0.5108700666666665,-0.5976995483870968,-0.5013926774193549
1980-03-01,0.003140217,-0.006862045,0.002319828,0.001781174,0.004044008,-0.007279295,0.004068562,-0.013115726,0.00838986,-0.000509417,-0.5593272413793104,-0.005140002258064518,-0.2982577387096775,-0.3660108666666667,-0.1924432903225807
1980-06-01,-0.020820007,-0.088863324,-0.028729353,-0.028488527,-0.043375641,-0.049766721,-0.051216049,-0.085488936,-0.028753861,-0.079102752,-3.26795064516129,-2.924980666666667,-1.5403896451612906,-0.5593272413793104,-0.005140002258064518
1980-09-01,-0.001189193,-0.068279894,-0.000609603,-0.002470941,-0.016561608,0.018105239,-0.028448772,0.012006818,-0.003341391,-0.052759205,0.2670038019354839,-1.113539935483871,-2.2205496666666673,-3.26795064516129,-2.924980666666667
1980-12-01,0.018477486,0.089112955,0.023425675,0.023503895,0.03775887,0.038154985,0.046064816,0.036968727,0.027632271,0.078062307,1.2815993999999997,1.6910164516129034,1.2360356,0.2670038019354839,-1.113539935483871
1981-03-01,0.019404882,0.08852083,0.02101456,0.024334474,0.002380767,0.001737916,0.002344565,0.009080319,0.002238616,0.000576977,-0.489689892857143,-0.2420160948387097,0.5011241258064517,1.2815993999999997,1.6910164516129034
1981-06-01,-0.007438376,-0.042328376,-0.012221878,-0.010272448,0.003065999,-0.013363771,-0.002425439,0.007835085,0.009894723,0.008135319,-0.482503870967742,-0.7149975333333333,-0.3120848387096774,-0.489689892857143,-0.2420160948387097
1981-09-01,0.011904108,0.054831545,0.008792389,0.013867025,0.009571752,-0.00680478,0.014385449,0.000409171,0.005291725,-0.006216846,-0.39866150645161286,0.21697088354838706,-0.05473043066666664,-0.482503870967742,-0.7149975333333333
1981-12-01,-0.010955252,-0.035849591,-0.014921058,-0.016021534,-0.022090977,-0.029112514,-0.035260707,-0.003109216,-0.003189994,-0.056562273,-1.9768320000000004,-1.6137096774193551,-1.0728732666666665,-0.39866150645161286,0.21697088354838706
1982-03-01,-0.015657344,-0.099368207,-0.021856653,-0.02148946,-0.020762988,-0.005733082,-0.026505841,-0.027929987,-0.014945197,-0.051054738,-0.13486389749999994,-2.098906129032258,-2.164292903225806,-1.9768320000000004,-1.6137096774193551
1982-06-01,0.004551591,-0.000759997,0.004819667,0.00452827,-0.012844039,0.005589931,-0.022295016,-0.031797208,-0.002700107,-0.019226027,-0.9452072258064518,-1.1766523333333332,-0.7911978709677417,-0.13486389749999994,-2.098906129032258
1982-09-01,-0.003830279,-0.009206063,-0.005400648,-0.006340079,-0.014400865,-0.017177765,-0.02187125,-0.024029679,-0.008781835,-0.032351504,-1.4960051612903227,-1.5003916129032258,-1.3155089999999998,-0.9452072258064518,-1.1766523333333332
1982-12-01,0.000399345,-0.080449828,-0.001030751,-0.000815071,-0.019014377,-0.011240834,-0.024249161,0.0005448,-0.015577758,-0.053825462,-0.9873692666666666,-1.449986129032258,-1.3117616666666667,-1.4960051612903227,-1.5003916129032258
1983-03-01,0.013092462,0.034059803,0.018989819,0.014752033,0.011529754,0.020728799,0.015917367,0.022187959,0.00363316,0.047735678,-0.0861196339285714,0.7290599999999999,-0.4413602032258066,-0.9873692666666666,-1.449986129032258
1983-06-01,0.022500997,0.08485651,0.03302247,0.027682633,0.021983113,0.028442128,0.024152657,0.036925714,0.017330724,0.052076782,1.0842625806451613,0.9533696666666668,0.5381780483870968,-0.0861196339285714,0.7290599999999999
1983-09-01,0.019793498,0.060725599,0.024401131,0.024258406,0.033719378,0.025373418,0.037190727,0.054515895,0.029280493,0.052398304,0.5196704193548386,1.137852419354839,1.4021250000000003,1.0842625806451613,0.9533696666666668
1983-12-01,0.020647558,0.092837516,0.023963388,0.024980645,0.026025813,0.033448329,0.031787829,0.054234023,0.019389118,0.050623701,0.9911134666666666,1.2793473870967746,2.073982333333333,0.5196704193548386,1.137852419354839
1984-03-01,0.019359094,0.092254927,0.022748138,0.024629393,0.028888872,0.021935989,0.029876727,0.030895059,0.029242348,0.050188911,0.9625195862068961,1.585782580645161,1.229913870967742,0.9911134666666666,1.2793473870967746
1984-06-01,0.017130343,0.032002568,0.018852315,0.021313384,0.01527645,0.01413683,0.017053459,0.038313892,0.012413546,0.02249553,0.7034917419354837,0.6596733666666666,0.4894168387096774,0.9625195862068961,1.585782580645161
1984-09-01,0.009594467,0.021409873,0.008726099,0.00985342,0.007074767,0.002569946,0.004886594,0.019654805,0.008805606,0.011891009,-0.021654514064516128,0.2092118193548387,0.6747442,0.7034917419354837,0.6596733666666666
1984-12-01,0.008175121,-0.013055977,0.00761287,0.007822431,0.00048841,0.00958121,-0.011207514,0.017744548,0.014159552,0.001731258,0.34565730000000006,-0.04071159451612903,-0.08465290666666671,-0.021654514064516128,0.2092118193548387
1985-03-01,0.009644213,-0.027801265,0.01093226,0.011775904,0.003278998,0.006416594,0.003280355,0.009001182,0.003701874,-0.002654493,0.011213146071428573,-0.16304987096774196,0.022559444838709676,0.34565730000000006,-0.04071159451612903
1985-06-01,0.008766019,0.016888983,0.009863897,0.009634946,0.000669422,0.008048609,-0.001339663,0.012818445,-0.000291317,-0.005300157,0.06357651548387094,-0.07427047366666667,0.2548615290322581,0.011213146071428573,-0.16304987096774196
1985-09-01,0.015155812,-0.006841009,0.015443306,0.017307368,-0.001367732,0.007556635,-0.004787438,-0.004064118,0.002466023,-0.003741312,0.3268421903225806,-0.38242507741935466,-0.41456393333333325,0.06357651548387094,-0.07427047366666667
1985-12-01,0.007405432,0.036195306,0.009014732,0.007274486,0.005837979,0.001565446,0.003686372,0.018824175,0.008900426,0.004252229,0.04674952833333334,-0.2839528709677419,0.33369218,0.3268421903225806,-0.38242507741935466
1986-03-01,0.009291737,-0.000293548,0.010365678,0.009802321,0.005997336,0.01029848,0.005009057,0.002856553,0.005450159,0.013608088,-0.4448554999999999,0.27031118709677426,0.36243264516129026,0.04674952833333334,-0.2839528709677419
1986-06-01,0.004493728,-0.017613069,0.005153443,0.003889939,-0.006149322,0.014396489,-0.012306657,0.000226315,-0.004435034,-0.00925087,-0.23369198483870962,0.09838812200000001,-0.4928402258064516,-0.4448554999999999,0.27031118709677426
1986-09-01,0.009524818,-0.027267142,0.009323436,0.01057273,0.003914217,0.015761801,0.001628983,-0.004428667,0.004904785,0.004953706,0.046860642580645165,0.21036495677419353,-0.45364256666666664,-0.23369198483870962,0.09838812200000001
1986-12-01,0.005356386,0.002988768,0.005414494,0.004900123,0.01140791,0.006717493,0.012402152,0.007688253,0.010180289,0.013166234,-0.02514943666666667,-0.003901177096774201,0.4975659333333332,0.046860642580645165,0.21036495677419353
1987-03-01,0.007424088,0.026628827,0.007776462,0.007761575,0.013143079,0.004755178,0.013603447,-0.017435518,0.012054536,0.019889223,0.7340181428571428,-0.40294315483870957,0.4444167677419355,-0.02514943666666667,-0.003901177096774201
1987-06-01,0.010731193,0.000520902,0.012383548,0.012011971,0.017315919,0.009981549,0.019920075,0.015183675,0.012408986,0.022259145,0.25449574193548385,0.30011180000000004,0.5546411290322583,0.7340181428571428,-0.40294315483870957
1987-09-01,0.008638699,0.000145079,0.007072079,0.007488226,0.01851722,0.012112766,0.01948572,0.017140401,0.017972439,0.020827796,0.3571326774193548,0.5731668064516129,0.3459777666666667,0.25449574193548385,0.30011180000000004
1987-12-01,0.017024778,0.065916905,0.020062977,0.018967648,0.024079044,0.005639569,0.026417112,-0.000447006,0.024771371,0.043448592,0.4884374666666668,0.9633489032258064,0.49527616666666663,0.3571326774193548,0.5731668064516129
1988-03-01,0.005152964,-0.04919591,0.004461714,0.003722916,0.009029152,0.015260234,0.007582867,0.000581077,0.011757499,0.008954704,0.5113428965517243,-0.0798771122580645,0.44853761290322597,0.4884374666666668,0.9633489032258064
1988-06-01,0.013053109,0.023546928,0.016556343,0.015028683,0.008489003,0.01425716,0.011126894,0.019357063,0.008834001,0.017878106,0.043618707419354835,0.26506732000000005,0.49834035483870975,0.5113428965517243,-0.0798771122580645
1988-09-01,0.005842189,0.00554008,0.005263991,0.005135075,0.003597643,0.005173511,0.005962995,0.004666082,0.00121882,0.00530283,-0.030465622580645158,-0.037307732258064524,0.32005469999999997,0.043618707419354835,0.26506732000000005
1988-12-01,0.013236962,0.015145051,0.013538906,0.013713285,0.007196007,0.017466927,0.004836284,0.011789086,0.0106377,0.016678561,0.4125652000000001,0.3514928387096774,0.05560952366666667,-0.030465622580645158,-0.037307732258064524
1989-03-01,0.010114698,0.033377987,0.010457711,0.011554861,0.004498946,0.001742205,0.00346969,0.008885786,0.004985711,0.001563923,-0.3964155,0.2703858758064517,0.5580940000000001,0.4125652000000001,0.3514928387096774
1989-06-01,0.00760371,-0.009719907,0.006942962,0.007453827,-0.003602878,-0.002592406,-0.005069656,0.001303296,-0.001810642,-0.015234587,-0.5877499032258064,-0.20719183333333333,-0.3030904193548386,-0.3964155,0.2703858758064517
1989-09-01,0.007381497,-0.009019166,0.007044862,0.007454804,-0.006156581,0.000561045,-0.004921269,0.017362781,-0.008731116,-0.009145325,0.2765369032258065,-0.7838050000000001,-0.6426682666666665,-0.5877499032258064,-0.20719183333333333
1989-12-01,0.001968529,-0.007445512,0.000149751,0.000579781,0.004284932,0.000960897,0.002855029,-0.013025511,0.005226106,-0.00505963,-0.014471551666666659,-0.5175943870967741,-0.11670171400000001,0.2765369032258065,-0.7838050000000001
1990-03-01,0.010868625,0.009881271,0.012240875,0.011673429,0.006605883,0.00911911,0.00449019,0.011798783,0.006391722,0.005231179,0.47147967857142853,-0.15971869677419354,-0.0045486177419354805,-0.014471551666666659,-0.5175943870967741
1990-06-01,0.003622513,0.000312237,0.002511451,0.002805051,0.007458611,0.003427457,0.007394304,-0.019961502,0.0097772,0.017010843,-0.18703693548387096,-0.4121087333333333,0.3175531622580646,0.47147967857142853,-0.15971869677419354
1990-09-01,0.000665008,-0.019575578,-0.001975391,-0.001161665,0.004162358,-0.000448696,0.005161101,-0.008237544,0.004508251,0.005848781,-0.5704406451612906,-0.5234817096774194,-0.19513803333333335,-0.18703693548387096,-0.4121087333333333
1990-12-01,-0.009145487,-0.057567427,-0.014725449,-0.013335512,-0.015607522,-0.024735849,-0.014925743,-0.026120192,-0.01844303,-0.029548938,-1.8000500000000001,-1.5612783870967744,-1.0034930666666666,-0.5704406451612906,-0.5234817096774194
1991-03-01,-0.004689416,-0.03384017,-0.006755447,-0.007620157,-0.019084219,-0.015587831,-0.020928935,-0.02798972,-0.014453828,-0.036749865,-1.396586785714286,-1.4090770967741937,-1.4741493548387092,-1.8000500000000001,-1.5612783870967744
1991-06-01,0.007766947,-3.57e-06,0.009882469,0.009880003,0.005813409,0.021565842,0.005985656,0.00296168,0.006523155,0.007759874,0.3447444516129033,-0.14617359633333343,-1.0064373870967742,-1.396586785714286,-1.4090770967741937
1991-09-01,0.005040243,0.019606159,0.007357563,0.006044674,0.014058725,0.011302938,0.016325469,0.001173766,0.013201014,0.029674746,-0.24964916129032252,-0.0695446675935484,0.26050196666666664,0.3447444516129033,-0.14617359633333343
1991-12-01,0.003478928,0.034844616,0.003001948,0.003775615,0.002352199,-0.003963787,0.0024632,0.004298316,0.00203879,0.008354684,-0.7111150333333334,-0.3720401612903225,-0.021812765333333328,-0.24964916129032252,-0.0695446675935484
1992-03-01,0.011899437,-0.018645985,0.013708662,0.015270831,-0.00111351,0.012555922,0.002971992,0.01087362,-0.007234502,0.011065006,0.18733916999999997,-0.29005343225806446,-0.7735473870967741,-0.7111150333333334,-0.3720401612903225
1992-06-01,0.010785164,0.055011818,0.012352218,0.012546944,0.017647508,0.007834033,0.015985579,0.032310021,0.020258661,0.027389597,0.011551718709677423,0.4055969000000001,0.3907177419354838,0.18733916999999997,-0.29005343225806446
1992-09-01,0.009834205,0.007917637,0.010633152,0.010846462,0.007663836,0.01130806,0.005817099,0.011408579,0.009606869,0.012714185,-0.3865473496774194,0.28637605483870965,0.05812802829,0.011551718709677423,0.4055969000000001
1992-12-01,0.010377613,0.030054703,0.012372754,0.011907426,0.010506471,0.014187882,0.010451564,0.028817479,0.012155274,0.013966557,0.3331442333333333,0.25372170967741936,-0.16502393500000007,-0.3865473496774194,0.28637605483870965
1993-03-01,0.001672603,0.023302299,0.000193766,-0.000650007,0.00882047,0.010373232,0.008799595,0.007457235,0.00772755,0.019936079,-0.19401251785714285,0.017502884838709685,0.7121168709677419,0.3331442333333333,0.25372170967741936
1993-06-01,0.005807301,0.005736757,0.005427779,0.006201733,0.002275253,0.004626418,0.004264921,0.017825226,-0.001139512,0.010618287,-0.13775597741935486,0.021345906666666668,-0.5527430645161291,-0.19401251785714285,0.017502884838709685
1993-09-01,0.004761792,-0.00681473,0.010265259,0.004808707,0.003917152,0.008180217,0.003863323,0.015585977,0.003468822,0.010599052,-0.12750051548387098,-0.06729736741935484,-0.03664176640000001,-0.13775597741935486,0.021345906666666668
1993-12-01,0.013509468,0.05121286,0.013331234,0.017077936,0.015060795,0.016329114,0.017171039,0.039375395,0.014145214,0.029649132,0.5504770999999999,0.4351179032258064,0.2250415166666667,-0.12750051548387098,-0.06729736741935484
1994-03-01,0.009655399,0.037382364,0.009094997,0.011619544,0.012321957,0.016573582,0.014649468,0.011744512,0.009603271,0.023658679,0.21035030214285716,-0.02188117870967742,0.7719723870967745,0.5504770999999999,0.4351179032258064
1994-06-01,0.013459472,0.048009559,0.016945854,0.016216662,0.01795024,0.013376684,0.022312076,0.020008996,0.013529195,0.037660176,0.4055124193548387,0.6236381666666666,0.9337772258064517,0.21035030214285716,-0.02188117870967742
1994-09-01,0.005828136,-0.016470429,0.006016305,0.005931491,0.012690596,0.016656941,0.017019742,0.00824911,0.00947882,0.026360156,0.5585715161290321,0.21519274193548385,0.4501754333333334,0.4055124193548387,0.6236381666666666
1994-12-01,0.01139013,0.040317078,0.014655711,0.014204412,0.02053935,0.020803075,0.022948996,0.023870056,0.019735151,0.038545929,0.7421163666666666,0.5125291935483871,0.41123080000000006,0.5585715161290321,0.21519274193548385
1995-03-01,0.003541284,0.010446552,0.005487675,0.003073398,0.010210376,0.008422445,0.012901236,0.020959087,0.008434216,0.02238761,-0.3273184642857143,0.23497345387096774,0.7182550967741935,0.7421163666666666,0.5125291935483871
1995-06-01,0.002978967,-0.020988861,0.003226411,0.002740194,0.003171688,-0.001518746,0.003634092,-0.000673162,0.003856211,0.007473937,-0.1659343793548387,-0.5056778333333333,-0.3356816451612904,-0.3273184642857143,0.23497345387096774
1995-09-01,0.008470797,-0.00597851,0.011347206,0.010662043,0.00912001,0.009928433,0.005795037,0.013868147,0.012171643,0.01737709,0.6085879354838709,-0.30516703580645177,0.12304116966666663,-0.1659343793548387,-0.5056778333333333
1995-12-01,0.006767261,0.024531245,0.008049712,0.008740785,0.008542529,0.013375572,0.012013503,0.019246756,0.003995882,0.030634957,0.044288176,-0.1523345225806451,0.36940525333333346,0.6085879354838709,-0.30516703580645177
1996-03-01,0.007461561,0.015931046,0.008158664,0.009451926,0.006716376,0.001995704,0.011503703,0.025231308,0.002564785,0.024496472,0.5755852758620689,-0.49949954516129036,-0.0325649735483871,0.044288176,-0.1523345225806451
1996-06-01,0.016540916,0.046931746,0.018982828,0.019550584,0.021239885,0.015711288,0.021225239,0.030541093,0.023020816,0.032403981,0.762917935483871,0.6022460333333333,0.24125938709677416,0.5755852758620689,-0.49949954516129036
1996-09-01,0.008929923,0.044423551,0.011933884,0.011030849,0.012879027,0.010543102,0.014548587,0.022456691,0.010465156,0.029386953,0.21550732258064514,0.1247897677419355,0.46649886666666673,0.762917935483871,0.6022460333333333
1996-12-01,0.010330278,-0.00131964,0.012200455,0.012373355,0.013932835,0.013482069,0.015127677,0.015833333,0.012212154,0.023571292,0.5013203666666667,0.2463055806451613,0.3031737666666666,0.21550732258064514,0.1247897677419355
1997-03-01,0.006434895,0.019990715,0.006314671,0.006908283,0.018916464,0.024120667,0.021213542,0.018506052,0.017075603,0.034622703,1.0097570357142858,0.37622400000000006,0.21245164516129034,0.5013203666666667,0.2463055806451613
1997-06-01,0.016483414,0.059391945,0.019458148,0.020017707,0.014185089,0.014644106,0.016517426,0.018886964,0.011933084,0.032367444,0.35081222580645166,0.23026560000000001,0.587167193548387,1.0097570357142858,0.37622400000000006
1997-09-01,0.012430896,0.013903763,0.014113623,0.01450525,0.022687113,0.019687643,0.02429593,0.034857929,0.023868656,0.034356518,0.4899791935483871,0.7245290967741937,0.6236759666666669,0.35081222580645166,0.23026560000000001
1997-12-01,0.008551497,0.014809431,0.009706364,0.00916784,0.024762358,0.007739765,0.022949199,0.007369938,0.027927003,0.042595703,0.6137256666666667,0.6202675161290323,0.8375295000000001,0.4899791935483871,0.7245290967741937
1998-03-01,0.009945181,0.042678935,0.012083489,0.011254321,0.011176694,0.014749187,0.0114449,0.029110902,0.01138267,0.021290943,0.35643178571428574,0.3127963870967742,0.3622306451612903,0.6137256666666667,0.6202675161290323
1998-06-01,0.009215478,-0.006195019,0.010677337,0.010400319,0.00671342,0.01020214,0.004735365,0.033431246,0.00680543,0.004272495,0.32577034193548393,0.28479513333333334,0.19442293548387096,0.35643178571428574,0.3127963870967742
1998-09-01,0.012447877,0.025384214,0.014637635,0.014779005,0.007366837,0.003032317,0.006638944,0.018981896,0.006133325,0.01852964,0.9005596129032258,-0.3358495612903226,-0.4215114533333334,0.32577034193548393,0.28479513333333334
1998-12-01,0.016029638,0.030396343,0.019957682,0.019818608,0.01429497,0.023774481,0.020026281,0.027367287,0.010094295,0.044474761,0.3242658,0.4866934838709677,0.5526827333333333,0.9005596129032258,-0.3358495612903226
1999-03-01,0.009420209,0.027089008,0.011601324,0.011365289,0.011001638,0.014951302,0.015498422,0.017359457,0.007423227,0.025731362,0.5569951071428572,0.21038561290322577,0.34558561290322587,0.3242658,0.4866934838709677
1999-06-01,0.007662157,0.000623961,0.008151875,0.008453271,0.009555581,0.012513932,0.016613184,0.023496633,0.003602999,0.028886059,0.3409647741935484,0.05625652266666666,0.058375828387096776,0.5569951071428572,0.21038561290322577
1999-09-01,0.013011629,0.027069074,0.015714722,0.015205511,0.00887013,0.011449985,0.016616717,0.023022871,0.001270174,0.027638317,0.23837142419354843,0.2882884838709677,0.18507783333333336,0.3409647741935484,0.05625652266666666
1999-12-01,0.016853037,0.026444039,0.019315198,0.019476426,0.017547214,0.015038729,0.01940949,0.005178352,0.016121075,0.026185135,0.7576152333333334,0.7866480967741938,-0.032364293333333335,0.23837142419354843,0.2882884838709677
2000-03-01,0.003611074,-0.007057548,0.00393114,0.005078393,0.010053918,0.004364372,0.013143592,0.028208053,0.005905696,0.027900743,-0.24238452413793105,0.1438171064516129,0.6297936451612903,0.7576152333333334,0.7866480967741938
2000-06-01,0.018146008,0.057515223,0.021905836,0.021821342,0.012029831,0.008683809,0.011798398,0.021872314,0.013375175,0.022303852,0.1370442767741935,0.5762291666666666,0.3300073138709677,-0.24238452413793105,0.1438171064516129
2000-09-01,0.001334662,-0.009860931,-0.000150047,0.000237169,-0.000973074,0.000115017,-0.001136837,0.004354649,0.000411048,0.009896914,-0.5018047096774193,-0.42840690322580655,-0.15875255333333335,0.1370442767741935,0.5762291666666666
2000-12-01,0.006209577,0.001913873,0.006792023,0.006580813,-0.002108434,-0.002666182,-0.003106844,0.003038306,0.000684705,-0.00652003,-0.5446143333333332,-0.5401880000000001,-0.10610714666666668,-0.5018047096774193,-0.42840690322580655
2001-03-01,-0.002855851,-0.046430576,-0.004868128,-0.005171439,-0.013279398,-0.006363236,-0.018990886,-0.005820056,-0.007109996,-0.023054179,-0.9251569642857141,-0.8459646451612903,-0.4614436451612903,-0.5446143333333332,-0.5401880000000001
2001-06-01,0.005828539,0.001425976,0.007138446,0.006039011,-0.012698794,-0.013322289,-0.014431927,-0.011781171,-0.009120364,-0.012760063,-0.870615806451613,-1.155334366666667,-1.031532064516129,-0.9251569642857141,-0.8459646451612903
2001-09-01,-0.004159018,-0.021875663,-0.006813997,-0.007024116,-0.013883435,-0.004047016,-0.015099837,-0.00719207,-0.014093238,-0.022652545,-0.7835752258064517,-1.0097818387096773,-1.0884761,-0.870615806451613,-1.155334366666667
2001-12-01,0.002720011,-0.050795898,0.001059963,0.002703597,-0.010524553,0.015224783,-0.011768012,-0.023076839,-0.008909416,-0.019812609,-0.7954114333333333,-0.7296179032258066,-1.3268523333333337,-0.7835752258064517,-1.0097818387096773
2002-03-01,0.008707125,0.029076127,0.012620378,0.00995378,0.007356898,-0.000511265,0.012831853,-0.008682802,0.003645074,0.019522735,-0.29488310714285726,-0.2658794516129032,-0.5620167096774193,-0.7954114333333333,-0.7296179032258066
2002-06-01,0.006039054,0.016297976,0.004102192,0.006214022,0.01542727,0.011814657,0.024203666,-0.00111628,0.005989631,0.031726678,0.08725202903225807,0.021699773333333335,-0.16969068387096778,-0.29488310714285726,-0.2658794516129032
2002-09-01,0.00443586,-0.001481353,0.004207494,0.004848539,0.005854682,0.003577316,0.006494762,-0.001476208,0.005624412,0.013860986,-0.42643022580645157,-0.42764632258064517,0.07074686666666667,0.08725202903225807,0.021699773333333335
2002-12-01,0.001547029,-0.0006175,0.000524694,0.001047223,-0.000221949,-0.002665141,-0.002488324,-0.004201453,0.000141252,0.000325387,-0.2375326666666667,-0.5587519999999999,-0.6036862999999999,-0.42643022580645157,-0.42764632258064517
2003-03-01,0.005532336,0.007662634,0.005134768,0.005195511,0.006221605,-0.000163806,0.004243819,0.009033479,0.009135736,0.006595398,-0.6380891071428573,-0.17767025806451614,-0.6263100322580646,-0.2375326666666667,-0.5587519999999999
2003-06-01,0.008565807,0.00687768,0.009998876,0.010430562,-0.007501721,0.008389321,-0.007531385,0.023738548,-0.007052756,-0.003419128,-0.18582896451612899,-0.6515372000000001,-0.698212,-0.6380891071428573,-0.17767025806451614
2003-09-01,0.016839511,0.035789669,0.023723849,0.022076841,0.006609344,0.017749677,0.006103923,0.031906976,0.008156257,0.015039429,-0.15184176451612907,0.17553394935483876,0.07872396696666666,-0.18582896451612899,-0.6515372000000001
2003-12-01,0.011416256,0.033133758,0.014364431,0.013237979,0.009730368,0.006558485,0.015030662,0.017941736,0.004724526,0.027679642,0.16857408333333337,0.18191929032258067,0.1773632366666667,-0.15184176451612907,0.17553394935483876
2004-03-01,0.005323279,0.001982239,0.000763112,0.003821095,0.006996749,0.00736928,0.007049227,-0.002818375,0.007291312,0.014597356,0.04895060379310344,-0.34086996774193545,-0.17133637967741933,0.16857408333333337,0.18191929032258067
2004-06-01,0.007591872,0.03916777,0.010325491,0.00845591,0.005700465,0.00879292,0.008179151,0.026905885,0.002614974,0.013118015,0.1127370222580645,0.14804486666666664,0.3041572580645161,0.04895060379310344,-0.34086996774193545
2004-09-01,0.009408878,0.015394469,0.010514315,0.011055235,0.00555303,0.008924038,0.005812742,0.02101912,0.004428501,0.013202072,0.07524813548387098,-0.04411582738709678,-0.43281483333333326,0.1127370222580645,0.14804486666666664
2004-12-01,0.009966906,0.020649754,0.010192046,0.011236073,0.014131181,0.014115347,0.017732143,0.018056543,0.012136687,0.0219375,0.15350599000000004,0.34322406451612897,0.11054035666666667,0.07524813548387098,-0.04411582738709678
2005-03-01,0.011008815,0.027725266,0.013245522,0.012634926,0.014213586,0.012438647,0.012603445,0.017412937,0.015729222,0.017864852,0.06476864774999999,0.11745747532258065,0.7303846774193549,0.15350599000000004,0.34322406451612897
2005-06-01,0.004604994,-0.013395502,0.003642268,0.003909029,0.00505351,0.012407532,-0.000290908,0.01685492,0.00944993,0.00268231,0.009869928451612905,0.14183266633333333,-0.22069359677419353,0.06476864774999999,0.11745747532258065
2005-09-01,0.008873849,0.013130246,0.010095615,0.010146932,-0.004595883,0.005009172,-0.015290676,0.017395942,0.003948559,0.007559052,-0.3149825677419355,-0.0009422245161290299,0.1552411333333334,0.009869928451612905,0.14183266633333333
2005-12-01,0.006294777,0.031990559,0.007389009,0.007316432,0.009659915,0.008516084,0.002644543,0.004553033,0.013699415,0.025721165,0.8502252333333333,0.09293531935483869,-1.1223386666666666,-0.3149825677419355,-0.0009422245161290299
2006-03-01,0.013215165,0.014737546,0.01691808,0.01632462,0.009352951,0.015721012,0.017969602,0.01871145,0.001060183,0.012213266,0.18269135714285717,0.37068529032258046,0.5344114193548387,0.8502252333333333,0.09293531935483869
2006-06-01,0.002334271,-0.006468881,0.001510381,0.002334714,0.005996722,-0.003039914,0.005737582,-0.005363152,0.010425437,0.002213073,-0.32723229032258067,-0.3358105666666667,0.06093138387096774,0.18269135714285717,0.37068529032258046
2006-09-01,0.001545134,-0.003865588,0.002271908,0.001345289,0.003793541,0.000205293,0.005919411,-0.006426846,0.004527468,0.001530143,-0.1490830645161291,-0.3796161612903226,-0.2717996333333333,-0.32723229032258067,-0.3358105666666667
2006-12-01,0.008482573,-0.019591202,0.011785926,0.011294441,0.002200653,0.008169349,0.000568787,-0.007160112,0.00566054,-0.001868296,-0.03700926333333334,-0.3314185161290323,-0.25154199999999993,-0.1490830645161291,-0.3796161612903226
2007-03-01,0.002352163,-0.006904108,0.002961477,0.003135126,0.008777746,0.009036902,0.012555685,-0.00089332,0.00494251,0.017047427,0.073795455,-0.1435196077419355,0.4567414516129032,-0.03700926333333334,-0.3314185161290323
2007-06-01,0.005712377,0.010969119,0.008169087,0.006966496,0.012203302,0.005170164,0.015418624,0.004685817,0.010518676,0.023847285,-0.10217071161290321,0.00864405233333333,0.09707245548387097,0.073795455,-0.1435196077419355
2007-09-01,0.005418009,-0.010144911,0.006363987,0.005837246,0.00275153,0.003979158,0.005925736,-0.005687488,0.003046759,0.007572254,-0.18162531612903218,-0.5660609677419357,-0.3952705999999999,-0.10217071161290321,0.00864405233333333
2007-12-01,0.00606002,-0.012380378,0.005412552,0.005782886,0.003039842,0.0054248,0.009099693,-0.009533147,-0.002138144,0.012839291,-0.21609249999999997,-0.32061387096774197,-0.10593571,-0.18162531612903218,-0.5660609677419357
2008-03-01,-0.005763576,-0.026662726,-0.011123814,-0.01026368,-0.003696464,-0.012062319,-0.002940224,-0.01545581,-0.002099121,0.001110281,-1.0556647931034484,-0.6457416129032258,-0.44554948387096777,-0.21609249999999997,-0.32061387096774197
2008-06-01,0.005150584,-0.018302522,0.004711823,0.004274746,-0.014849413,-0.007065573,-0.00895033,-0.008159616,-0.017298924,-0.013798889,-1.0745274193548386,-1.077264,-1.2267151612903227,-1.0556647931034484,-0.6457416129032258
2008-09-01,-0.005428262,-0.020253375,-0.008530602,-0.008858866,-0.033497532,-0.033726602,-0.03640055,-0.025631178,-0.032413047,-0.032838594,-2.2259387096774192,-1.4662483870967744,-1.0754026666666665,-1.0745274193548386,-1.077264
2008-12-01,-0.021875649,-0.101146375,-0.031258485,-0.030009532,-0.043714974,-0.048669972,-0.045027845,-0.06842279,-0.034821623,-0.101096466,-2.724812000000001,-2.050262580645161,-3.483214,-2.2259387096774192,-1.4662483870967744
2009-03-01,-0.011290448,-0.122799233,-0.016701308,-0.015773692,-0.057787844,-0.03717434,-0.059465897,-0.083032324,-0.048380513,-0.129250109,-2.7236442857142866,-3.6453474193548385,-3.517732580645161,-2.724812000000001,-2.050262580645161
2009-06-01,-0.001440935,-0.059387275,-0.002129275,-0.002200604,-0.028909646,-0.019932978,-0.027511819,-0.03704578,-0.031020733,-0.058406864,-1.484198387096774,-2.0564736666666668,-2.5997990322580646,-2.7236442857142866,-3.6453474193548385
2009-09-01,0.003634498,-0.002285379,0.003589845,0.004352943,0.014913626,0.014528126,0.021065241,0.003644093,0.012532206,0.039936486,0.11152100000000001,-0.10362711612903222,-1.0803389666666665,-1.484198387096774,-2.0564736666666668
2009-12-01,0.010923957,0.088435228,0.014081541,0.013524942,0.015572945,0.012004761,0.022273837,0.005027566,0.010665582,0.039628194,0.080638416,-0.14071594096774193,-0.117994862,0.11152100000000001,-0.10362711612903222
2010-03-01,0.003840414,0.022499033,0.004682193,0.004030604,0.019471448,0.010475725,0.02998149,-0.000388426,0.010642845,0.049932315,-0.04383598832142856,-0.022946304741935486,-0.10561357741935484,0.080638416,-0.14071594096774193
2010-06-01,0.009178036,0.051149405,0.011171875,0.011510171,0.01944893,0.020580127,0.024390441,0.035791111,0.013052623,0.049300143,0.7729558387096774,0.6643895666666667,0.45561822580645156,-0.04383598832142856,-0.022946304741935486
2010-09-01,0.007345072,0.043630948,0.010975258,0.010878509,0.01297693,0.014064542,0.018364169,0.005394223,0.010309241,0.023404102,-0.08192569354838711,0.020562296483870965,0.062299024666666696,0.7729558387096774,0.6643895666666667
2010-12-01,0.005006472,-0.003190725,0.007644835,0.007017937,0.003313446,0.007709178,0.008090102,0.018739179,-0.002313848,0.018296152,-0.09933820566666664,-0.17362564516129034,-0.2692372333333333,-0.08192569354838711,0.020562296483870965
2011-03-01,-0.002407308,-0.019031809,-0.005389054,-0.005256227,0.005596425,0.008513505,0.006339785,-0.001788147,0.006851563,0.025544638,-0.4755771785714286,-0.06023598677419355,0.20995119677419355,-0.09933820566666664,-0.17362564516129034
2011-06-01,0.007124295,0.040097086,0.010274383,0.009247422,0.004006675,-0.002781985,0.007063001,0.023062833,0.000558837,0.010566107,-0.4007734193548386,-0.28659951,0.010370098967741935,-0.4755771785714286,-0.06023598677419355
2011-09-01,-0.000277825,0.003303105,-2.07e-05,0.000175412,0.011624079,0.011355483,0.010480002,0.041136891,0.014422231,0.01405751,0.05212362935483868,0.14612596774193548,0.08486684566666668,-0.4007734193548386,-0.28659951
2011-12-01,0.011526168,0.074247328,0.014117737,0.014859693,0.009871726,0.011157878,0.016301861,0.025284167,0.005778586,0.017079318,0.004894511333333333,0.17113858064516127,-0.22936585666666665,0.05212362935483868,0.14612596774193548
2012-03-01,0.007799433,0.020671955,0.011730132,0.011039336,0.0094855,0.012587353,0.014164074,0.030785598,0.00303587,0.021911697,0.22603835517241375,0.5791966129032258,0.36815638709677423,0.004894511333333333,0.17113858064516127
2012-06-01,0.004292788,0.02276353,0.006078924,0.005604278,0.0063447,0.004924475,0.006387338,0.020003577,0.005305918,0.005414444,-0.12878045451612902,-0.022881799666666678,-0.24719235483870972,0.22603835517241375,0.5791966129032258
2012-09-01,0.001348572,0.004527578,0.002337453,0.001578359,0.000101972,0.000957747,0.002231414,0.001477112,-0.000864719,-0.005600047,-0.541281129032258,-0.39213490322580646,-0.37494136666666655,-0.12878045451612902,-0.022881799666666678
2012-12-01,0.001138085,-0.008933257,0.00169473,0.00142637,0.005230613,0.010287286,0.010621044,0.017775699,-0.00062554,0.007574635,0.49712913333333325,-0.09212814709677421,-0.3298680666666666,-0.541281129032258,-0.39213490322580646
2013-03-01,0.00881776,0.036607978,0.010088783,0.011958985,0.007796949,0.012490628,0.009803271,0.016974239,0.004078941,0.011027973,-0.19501118571428563,-0.651385741935484,0.3879573548387096,0.49712913333333325,-0.09212814709677421
2013-06-01,0.001233204,0.011124628,6.9e-05,0.001564768,0.004290994,0.002847218,0.007293057,0.008034614,6.97e-06,0.000528729,-0.03839895604516129,-0.21079850000000006,-0.14385566129032257,-0.19501118571428563,-0.651385741935484
2013-09-01,0.007803624,0.037957248,0.009948281,0.010175018,0.003561164,0.00562677,0.009788158,0.017095505,-0.005482294,0.008258851,0.1303220941935484,-0.39213796774193554,-0.2470475966666667,-0.03839895604516129,-0.21079850000000006
2013-12-01,0.007950798,0.003621722,0.011212349,0.010496446,0.00682103,0.015996775,0.007909866,0.013433129,0.005518131,0.016331217,0.22060181000000006,0.008255857229032259,0.191806282,0.1303220941935484,-0.39213796774193554
2014-03-01,-0.002831056,-0.011155578,-0.004780207,-0.004953684,0.007674541,-0.000591507,0.014732833,0.009968736,0.000581183,0.005988552,0.11097498000000001,-0.5594274516129033,-0.19894066225806453,0.22060181000000006,0.008255857229032259
2014-06-01,0.013446009,0.041335651,0.016994143,0.017017481,0.013285334,0.01131211,0.020409328,0.027438593,0.006353025,0.018627176,0.1799325483870968,0.25661660000000003,0.520121806451613,0.11097498000000001,-0.5594274516129033
2014-09-01,0.01213539,0.020250832,0.015771899,0.015571535,0.005910885,0.008204363,0.009633985,0.018957461,0.001450193,0.010168803,-0.016581010967741932,0.1756863516129032,0.22686656666666669,0.1799325483870968,0.25661660000000003
2014-12-01,0.00561216,0.001084358,0.006763894,0.006863253,0.006540306,0.005530456,0.005473744,0.011603344,0.01036355,-0.00482491,0.2138993,-0.005847568064516128,0.07580210666666669,-0.016581010967741932,0.1756863516129032
2015-03-01,0.009446788,0.034290155,0.011144811,0.011730665,-0.007672118,0.005589327,-0.010156572,0.002858399,-0.00426381,-0.013830347,-0.5688884285714285,-0.33447083870967736,0.03915615741935483,0.2138993,-0.005847568064516128
2015-06-01,0.006743344,0.003005768,0.008364715,0.00810663,-0.013518341,0.003834025,-0.016760332,0.008608489,-0.013213739,-0.011906555,-0.5270932258064517,-0.33075766666666667,-0.4743638709677419,-0.5688884285714285,-0.33447083870967736
2015-09-01,0.003619486,-0.002021369,0.003541442,0.00359711,-0.00017868,0.004473395,-0.004241611,0.008342255,0.005068499,-0.002679542,-0.2637921838709677,0.034798105161290324,-0.4378398666666667,-0.5270932258064517,-0.33075766666666667
2015-12-01,0.001602339,-0.012099338,0.000901611,0.000990346,-0.013144227,0.003118391,-0.015896284,-0.002675343,-0.016578745,-0.011966093,-0.7500100666666666,-0.4274360967741935,-0.2743479000000001,-0.2637921838709677,0.034798105161290324
2016-03-01,0.005648153,-0.006112658,0.006225291,0.006354803,-0.00518922,0.00442515,-0.008166832,0.004985019,-0.004349088,-0.006822482,-0.30091051724137935,-0.16314369677419358,-0.588493612903226,-0.7500100666666666,-0.4274360967741935
2016-06-01,0.003114329,-0.00876774,0.002746386,0.003090357,-0.005786952,0.000179781,-0.008876249,0.003723965,-0.003443274,-0.006610624,-0.5099226451612904,-0.41301916666666666,-0.5152552903225807,-0.30091051724137935,-0.16314369677419358
2016-09-01,0.005429196,0.000348148,0.006035358,0.006250553,0.004580707,0.006886392,0.003685653,0.007838307,0.004412495,0.003707253,-0.18370349032258065,0.046595741290322575,-0.009368078999999996,-0.5099226451612904,-0.41301916666666666
2016-12-01,0.006273265,0.026552361,0.008474135,0.007969305,0.003281454,0.009600604,0.003014038,0.006681283,0.002540752,0.003141763,-0.32101187000000003,-0.26570806451612905,-0.13659626666666666,-0.18370349032258065,0.046595741290322575
2017-03-01,0.005640751,-0.003114324,0.005931,0.006136128,0.005842729,0.003138457,0.009884169,0.017251722,-1.01e-05,0.011234529,-0.39875314285714275,-0.1535527711935484,0.1961681492709678,-0.32101187000000003,-0.26570806451612905
2017-06-01,0.004260352,0.009168915,0.005113658,0.004783688,0.013634526,0.000296148,0.01279982,0.003916963,0.0165145,0.002043874,-0.006689001935483868,0.22745006666666664,0.028180260967741923,-0.39875314285714275,-0.1535527711935484
2017-09-01,0.007261905,0.018367862,0.009426724,0.008916895,-0.002011151,0.011826124,-0.002630276,0.003003972,-0.001873003,-0.002694195,-0.3349956451612904,-0.12114753870967743,-0.06819312666666666,-0.006689001935483868,0.22745006666666664
2017-12-01,0.009511396,0.015228774,0.011399294,0.011274057,0.018121311,0.017666599,0.026363187,0.022722157,0.011291687,0.016330318,0.37886359999999997,0.5874131612903225,-0.04772196266666664,-0.3349956451612904,-0.12114753870967743
2018-03-01,0.009273658,0.025991658,0.010504046,0.010969813,0.005643717,-0.002756737,0.007377108,0.020337065,0.005338918,0.009449596,0.011881562857142857,-0.33094929032258075,-0.006094013225806439,0.37886359999999997,0.5874131612903225
2018-06-01,0.006664026,-0.002758951,0.007286038,0.007463575,0.011174238,0.003153551,0.019580535,0.010747777,0.003459254,0.007917307,-0.20872030645161288,0.2184774033333333,0.1925140645161291,0.011881562857142857,-0.33094929032258075
2018-09-01,0.005238213,0.024346155,0.005745421,0.005622201,0.012567223,0.006483062,0.021237812,0.001961467,0.007386698,0.009377468,0.1665523967741935,0.05852198709677418,0.02168921083333334,-0.20872030645161288,0.2184774033333333
2018-12-01,0.003277836,0.009583527,0.003535427,0.00360243,0.00948148,0.004721374,0.011213867,0.006513761,0.008777115,0.011196519,-0.32680799999999993,-0.33587799999999995,-0.19226628699999995,0.1665523967741935,0.05852198709677418
2019-03-01,0.007225062,0.009528461,0.009378224,0.008866819,-0.004882059,0.012205407,-0.004693125,0.007038241,-0.006326958,-0.007796053,-0.5406982142857142,-0.3065367419354839,-0.15090683870967742,-0.32680799999999993,-0.33587799999999995
2019-06-01,0.003700307,-0.014863555,0.003026599,0.003219175,-0.005694419,-0.003197149,-0.002725475,-0.001081573,-0.008709731,-0.009585812,-0.41889993548387106,-0.6880641333333334,-0.3373137741935484,-0.5406982142857142,-0.3065367419354839
2019-09-01,0.00634895,0.004582555,0.007103375,0.007129597,0.002803763,0.010406442,0.004040694,0.006045111,0.001330508,-0.000433292,0.07486212677419354,-0.23007343870967745,-0.16080026666666666,-0.41889993548387106,-0.6880641333333334
2019-12-01,0.005845202,-0.009444574,0.006947146,0.006908053,0.000932235,0.000870837,0.000363054,0.002432838,0.001512745,-0.005828985,-0.11478896333333331,-0.6339347096774193,-0.3333886666666668,0.07486212677419354,-0.23007343870967745
2020-03-01,-0.012706938,-0.023521687,-0.016446169,-0.015600428,-0.017539536,-0.004742701,-0.01265317,-0.003480137,-0.027845674,-0.01456876,-1.0222008827586209,0.014384509032258073,-0.2695632580645161,-0.11478896333333331,-0.6339347096774193
2020-06-01,-0.094158128,-0.156915677,-0.114856605,-0.11477954,-0.138847926,-0.068870953,-0.137818971,-0.086293768,-0.140452199,-0.194339073,1.3696775387096776,-22.991593333333324,-14.878846129032254,-1.0222008827586209,0.014384509032258073
2020-09-01,0.072122885,0.155613676,0.091335593,0.091539812,0.089985918,0.095512306,0.067307833,0.0681536,0.12456072,0.131456267,3.1371293548387102,5.9441961290322585,8.594463999999999,1.3696775387096776,-22.991593333333324
2020-12-01,0.010585816,0.061228341,0.01327709,0.013268295,0.022589169,0.008448753,0.024060387,0.042567452,0.015336722,0.031544061,0.1161552624666667,0.9231324193548386,1.2072154,3.1371293548387102,5.9441961290322585
