date,GDP,GPDIC1,OUTNFB,OUTBS,INDPRO,CMRMTSPLx,IPMAT,FPIx,IPFINAL,IPDMAT
6/1/1959,0.022313398,0.074911054,0.028376974,0.025793576,0.047355884,0.02441103,0.069280828,0.030455554,0.029456477,0.090201648
9/1/1959,0.000711755,-0.066761827,-0.001571732,-0.001845232,-0.041761778,-0.015621494,-0.109493796,0.010542328,0.01342609,-0.184233486
12/1/1959,0.002846333,0.032027587,-0.002975585,0.000403935,0.004772621,-0.014028907,0.023517535,-0.011666495,-0.011044408,0.040396649
3/1/1960,0.02222418,0.095787729,0.029308025,0.024618031,0.058545672,0.038183997,0.093306416,0.032855746,0.036607636,0.146304708
6/1/1960,-0.005408467,-0.097837396,-0.013999829,-0.011435813,-0.021937569,-0.022401726,-0.05054421,-0.018341764,0,-0.083430076
9/1/1960,0.004880816,-0.002543922,0.000345205,0.00397773,-0.016579015,-0.007341153,-0.021350655,-0.021665598,-0.013084998,-0.028768197
12/1/1960,-0.012917411,-0.117410877,-0.022572221,-0.019354704,-0.024400241,-0.012685181,-0.042882655,-0.001998884,-0.011300421,-0.066879961
3/1/1961,0.006727609,0.025621417,0.007152519,0.005707877,-0.015256251,-0.017594872,-0.020689217,-0.008522702,-0.014603898,-0.045300224
6/1/1961,0.016832324,0.067722038,0.023669061,0.020260197,0.038876978,0.015192505,0.058063751,0.0162645,0.025904319,0.080107362
9/1/1961,0.019014468,0.074868305,0.022731456,0.020851511,0.031406679,0.026762685,0.047383156,0.023736264,0.018808202,0.073791993
12/1/1961,0.019421273,0.016410318,0.021080132,0.019289689,0.034467967,0.02463301,0.039104453,0.031114202,0.034013274,0.040048161
3/1/1962,0.017678797,0.052512354,0.020002829,0.019667845,0.014827041,0.015202027,0.017215455,0.01895018,0.015318079,0.024772168
6/1/1962,0.008996131,-0.007916511,0.007784215,0.008560158,0.009643291,0.001575643,-0.00534858,0.027965466,0.021836397,-0.012845261
9/1/1962,0.012210229,0.016850147,0.014447156,0.012808289,0.010607243,0.002574272,0.006062593,0.008047119,0.013367524,0.00394189
12/1/1962,0.003283211,-0.029694063,0.001203275,0.001971978,0.008408545,0.014663556,0.010249343,-0.00303155,0.006964216,0.014208976
3/1/1963,0.010856905,0.051275586,0.008952798,0.011648415,0.018315955,0.005200414,0.018125624,0.012985473,0.02365742,0.015054314
6/1/1963,0.011158748,0.01578329,0.01384301,0.011463633,0.026028852,0.018643557,0.040283661,0.043608064,0.009779966,0.054759658
9/1/1963,0.021746089,0.03032394,0.027024584,0.024569047,0.006650503,0.013350635,0.000997172,0.024347881,0.011016684,-0.012570524
12/1/1963,0.006534562,0.012068567,0.007038792,0.006552555,0.01676373,0.008540609,0.018064614,0.029441227,0.015147989,0.024997749
3/1/1964,0.020863619,0.03674244,0.026708542,0.02425655,0.013596872,0.016259479,0.016146283,0.033991839,0.010730163,0.013867686
6/1/1964,0.010828209,-0.00360741,0.009858426,0.010584127,0.023202849,0.009953412,0.024363495,-0.001900197,0.022389634,0.029367109
9/1/1964,0.015502227,0.023070992,0.016670595,0.017255183,0.015892992,0.017341276,0.027745359,0.016145394,0.010382411,0.036359789
12/1/1964,0.003084168,0.009453695,4.68E-05,0.001350879,0.015040677,0.007142292,0.022547217,0.008606338,0.011202513,0.025470526
3/1/1965,0.023909529,0.091069551,0.029577444,0.029040736,0.037073309,0.027919007,0.037057775,0.0441391,0.041230186,0.051585861
6/1/1965,0.012553584,0.002623936,0.014489409,0.01267091,0.022921442,0.017353499,0.028241453,0.027898051,0.021450084,0.034138241
9/1/1965,0.021989138,0.034225269,0.022641139,0.02395509,0.020725955,0.010827245,0.0220345,0.026747661,0.019291059,0.028579609
12/1/1965,0.02277901,0.006600884,0.026671706,0.024883974,0.020027669,0.031070144,0.009486949,0.022975493,0.027559584,-0.000784087
3/1/1966,0.024050767,0.076863819,0.027764371,0.02751159,0.028239247,0.02116967,0.033173864,0.036736905,0.027091737,0.04092883
6/1/1966,0.003410345,-0.014914454,0.002775881,0.000868325,0.02066812,0.002333329,0.022966238,-0.009749834,0.021369532,0.031815593
9/1/1966,0.00843339,-0.007404178,0.007994438,0.00548195,0.015354208,0.004988612,0.018951962,0.001073939,0.015209691,0.017329769
12/1/1966,0.008170255,0.005843702,0.003646275,0.005860793,0.009511974,-0.001256025,0.003747669,-0.02693697,0.017032796,0.004287087
3/1/1967,0.008816883,-0.024848351,0.006806213,0.008220785,-0.005524646,-0.011576766,-0.028110492,-0.019269744,0.005124413,-0.040344517
6/1/1967,0.000612522,-0.036848183,-0.002358588,-0.00146015,-0.004085257,0.004797051,-0.01750386,0.024294577,0.00440082,-0.03463693
9/1/1967,0.009416848,0.028900803,0.00843271,0.008366897,0.006856953,0.008268792,0.011994698,0.011896626,-0.00148235,0.008970466
12/1/1967,0.007511918,0.021341179,0.007400886,0.006819393,0.026406989,0.025054911,0.02966563,0.029557888,0.027841475,0.025238942
3/1/1968,0.020189739,0.019849879,0.023916249,0.022375128,0.014173428,0.013614219,0.018058161,0.022114331,0.012168535,0.025882658
6/1/1968,0.016570048,0.037536726,0.018798639,0.017861423,0.013390998,0.008921141,0.02161735,-0.002443501,0.006262187,0.020332725
9/1/1968,0.007719847,-0.027650566,0.007459724,0.007231575,0.007729398,0.009703347,0.005040981,0.01543951,0.009608834,-0.006647667
12/1/1968,0.003925313,0.010819544,0.003766053,0.003919112,0.015070828,0.019584993,0.013728285,0.023376636,0.014341838,0.020457323
3/1/1969,0.01552986,0.057216858,0.017277828,0.017355076,0.019267122,-0.001070674,0.022337528,0.027494714,0.013764358,0.021620311
6/1/1969,0.003035462,-0.005908584,0.001007106,0.001156307,0.004355363,0.006627769,0.012440526,0.005335527,-0.003046109,0.005127896
9/1/1969,0.006583403,0.020098738,0.00594731,0.006206237,0.011933131,0.008490214,0.016206065,0.0143028,0.012007882,0.022319975
12/1/1969,-0.004888783,-0.049489455,-0.007850473,-0.007735831,-0.006291123,0.008401052,-0.000544681,-0.022459335,-0.012593655,-0.010644037
3/1/1970,-0.001485953,-0.03027902,-0.000822092,-0.000746993,-0.024524855,-0.021897888,-0.033475918,-0.004989856,-0.018717045,-0.066971122
6/1/1970,0.001418191,0.002171429,0.001419553,0.001717251,-0.005514595,-0.004067386,-0.014102539,-0.020757446,-0.000665019,-0.028358434
9/1/1970,0.009173548,0.016142258,0.010656767,0.010795675,-0.003589102,0.006425564,0.0066159,0.016721276,-0.013515742,0.003317555
12/1/1970,-0.01077427,-0.05455395,-0.016835289,-0.015956302,-0.021854324,-0.012560876,-0.02386693,-0.000368074,-0.023931943,-0.058766033
3/1/1971,0.026797629,0.110275558,0.033755051,0.033295239,0.019097644,0.029954501,0.023413282,0.0201592,0.018900452,0.051808776
6/1/1971,0.005396532,0.027980646,0.006190625,0.00636231,0.009015695,0.017857704,0.015200037,0.036713086,0.003390688,0.013070187
9/1/1971,0.008196166,0.012059116,0.00948283,0.00943251,0.003077746,0.006286146,-0.01514298,0.017026672,0.013657979,-0.041628693
12/1/1971,0.002355018,-0.027298247,0.001964321,0.001783231,0.022916182,0.023069484,0.021584935,0.025921094,0.021497089,0.047370555
3/1/1972,0.018222492,0.063814922,0.026720827,0.023767469,0.04154295,0.021154387,0.055197176,0.041810379,0.029529283,0.061677094
6/1/1972,0.022443838,0.055245623,0.026769717,0.028539066,0.018886727,0.020916964,0.021530938,0.017082242,0.01579386,0.031448105
9/1/1972,0.009399595,0.014101847,0.011433692,0.010595992,0.012654114,0.02032605,0.007768549,0.011317768,0.01545685,0.014028624
12/1/1972,0.016605967,0.006250993,0.018879734,0.019811812,0.034395875,0.049969293,0.036738458,0.042866633,0.035370665,0.051953391
3/1/1973,0.024446855,0.05695083,0.037291802,0.031769201,0.027941453,0.027427058,0.032969115,0.03846927,0.024805286,0.053515135
6/1/1973,0.010827683,0.041742798,0.010815335,0.013227247,0.008321745,-0.009098035,0.009778809,0.007691259,0.006189117,0.016602146
9/1/1973,-0.005272903,-0.036933971,-0.002724243,-0.008250456,0.008586245,-0.000458319,0.010039413,-0.002674102,0.006524726,0.016513878
12/1/1973,0.009447486,0.034999962,-0.00125502,0.009973811,0.014820079,0.029145217,0.016446376,-0.008237917,0.015212863,0.01850104
3/1/1974,-0.008634824,-0.058801341,-0.006551617,-0.014442278,-0.008860966,-0.004909845,-0.005255475,-0.019549826,-0.015503739,-0.0192962
6/1/1974,0.002373951,-0.003999583,-0.000316066,0.001459993,0.000589479,-0.004942158,-0.001554383,-0.012304133,0.003814932,-0.000915404
9/1/1974,-0.009496285,-0.053219689,-0.013750296,-0.013924599,-0.003949302,-0.012464141,-0.006976871,-0.016595938,0.004322198,-0.011243486
12/1/1974,-0.003888965,0.006050589,-0.007527782,-0.006970918,-0.040507022,-0.043163249,-0.051488464,-0.05557629,-0.025450316,-0.052486199
3/1/1975,-0.012247703,-0.175639203,-0.024053447,-0.018500283,-0.068360394,-0.040439983,-0.070104664,-0.059076188,-0.067195563,-0.110703629
6/1/1975,0.007120029,-0.030223034,0.00662658,0.007919207,-0.013593996,-0.00981546,-0.025671778,-0.011945436,0.00595328,-0.048589693
9/1/1975,0.016971737,0.074667234,0.021197842,0.021019315,0.024259179,0.01942706,0.021430231,0.023838576,0.029692685,0.016178381
12/1/1975,0.013375227,0.027531066,0.018012761,0.016874954,0.021576141,0.009228328,0.026801243,0.019674524,0.016701446,0.024426623
3/1/1976,0.022238491,0.092110931,0.031014819,0.028610211,0.030289391,0.036424962,0.037652302,0.040079228,0.023036472,0.056431901
6/1/1976,0.007310171,0.038816621,0.009754093,0.008811436,0.01269915,0.01459173,0.016307181,0.016391767,0.008191255,0.03345951
9/1/1976,0.005472205,0.003478577,0.006410085,0.006022565,0.013279618,0.011723543,0.013208513,0.011235376,0.009885038,0.023636245
12/1/1976,0.007222319,0.007453343,0.008284107,0.008472845,0.017876842,0.010872051,0.012300362,0.046368173,0.024158066,0.006410867
3/1/1977,0.01174567,0.045288671,0.016894296,0.015968048,0.020535694,0.028919886,0.019023457,0.033882024,0.02490465,0.022672319
6/1/1977,0.019254528,0.069238008,0.022895332,0.02374275,0.030514848,0.014676884,0.032457286,0.050668586,0.025282067,0.04242038
9/1/1977,0.017882656,0.049364066,0.021089913,0.020941982,0.010738126,0.011231129,0.006143008,0.012582102,0.014535267,0.005428552
12/1/1977,2.19E-05,-0.025405294,-0.003070382,-0.000986013,0.006469856,0.017909254,0.00600316,0.016937372,0.006718615,0.018927639
3/1/1978,0.003186694,0.019302543,0.005121434,0.001183099,-0.002787799,-0.002285681,-0.011201284,0.008808152,0.005579936,0.002634502
6/1/1978,0.03791458,0.062928004,0.048271443,0.047501028,0.03945432,0.045183453,0.046684269,0.066067591,0.034879653,0.037798525
9/1/1978,0.010005012,0.028719323,0.008999235,0.010946871,0.008680814,0.002984598,0.008385673,0.026803528,0.009747267,0.021707522
12/1/1978,0.013351929,0.022862092,0.018513941,0.014656139,0.017738209,0.0163317,0.018856888,0.021837289,0.01679469,0.031255226
3/1/1979,0.001796222,0.001659907,-0.001953355,0.001255263,0.004227271,0.0004226,-0.000933645,0.009102045,0.009554783,-0.002033637
6/1/1979,0.001068719,-0.000901044,0.00130266,0.001201484,-0.002158414,0.001228495,0.000605166,-0.005558801,-0.006748111,-0.006209379
9/1/1979,0.007401278,-0.016984191,0.00780636,0.008810172,-0.002802172,-0.001575921,-0.006741585,0.017557976,0.001866748,-0.008082431
12/1/1979,0.002497614,-0.017897978,0.001084431,0.001447927,0.003822786,-0.006912584,0.001759122,-0.009144039,0.005687638,-0.007852859
3/1/1980,0.003140217,-0.006862045,0.002319828,0.001781174,0.004044008,-0.007279295,0.004068562,-0.013115726,0.00838986,-0.000509417
6/1/1980,-0.020820007,-0.088863324,-0.028729353,-0.028488527,-0.043375641,-0.049766721,-0.051216049,-0.085488936,-0.028753861,-0.079102752
9/1/1980,-0.001189193,-0.068279894,-0.000609603,-0.002470941,-0.016561608,0.018105239,-0.028448772,0.012006818,-0.003341391,-0.052759205
12/1/1980,0.018477486,0.089112955,0.023425675,0.023503895,0.03775887,0.038154985,0.046064816,0.036968727,0.027632271,0.078062307
3/1/1981,0.019404882,0.08852083,0.02101456,0.024334474,0.002380767,0.001737916,0.002344565,0.009080319,0.002238616,0.000576977
6/1/1981,-0.007438376,-0.042328376,-0.012221878,-0.010272448,0.003065999,-0.013363771,-0.002425439,0.007835085,0.009894723,0.008135319
9/1/1981,0.011904108,0.054831545,0.008792389,0.013867025,0.009571752,-0.00680478,0.014385449,0.000409171,0.005291725,-0.006216846
12/1/1981,-0.010955252,-0.035849591,-0.014921058,-0.016021534,-0.022090977,-0.029112514,-0.035260707,-0.003109216,-0.003189994,-0.056562273
3/1/1982,-0.015657344,-0.099368207,-0.021856653,-0.02148946,-0.020762988,-0.005733082,-0.026505841,-0.027929987,-0.014945197,-0.051054738
6/1/1982,0.004551591,-0.000759997,0.004819667,0.00452827,-0.012844039,0.005589931,-0.022295016,-0.031797208,-0.002700107,-0.019226027
9/1/1982,-0.003830279,-0.009206063,-0.005400648,-0.006340079,-0.014400865,-0.017177765,-0.02187125,-0.024029679,-0.008781835,-0.032351504
12/1/1982,0.000399345,-0.080449828,-0.001030751,-0.000815071,-0.019014377,-0.011240834,-0.024249161,0.0005448,-0.015577758,-0.053825462
3/1/1983,0.013092462,0.034059803,0.018989819,0.014752033,0.011529754,0.020728799,0.015917367,0.022187959,0.00363316,0.047735678
6/1/1983,0.022500997,0.08485651,0.03302247,0.027682633,0.021983113,0.028442128,0.024152657,0.036925714,0.017330724,0.052076782
9/1/1983,0.019793498,0.060725599,0.024401131,0.024258406,0.033719378,0.025373418,0.037190727,0.054515895,0.029280493,0.052398304
12/1/1983,0.020647558,0.092837516,0.023963388,0.024980645,0.026025813,0.033448329,0.031787829,0.054234023,0.019389118,0.050623701
3/1/1984,0.019359094,0.092254927,0.022748138,0.024629393,0.028888872,0.021935989,0.029876727,0.030895059,0.029242348,0.050188911
6/1/1984,0.017130343,0.032002568,0.018852315,0.021313384,0.01527645,0.01413683,0.017053459,0.038313892,0.012413546,0.02249553
9/1/1984,0.009594467,0.021409873,0.008726099,0.00985342,0.007074767,0.002569946,0.004886594,0.019654805,0.008805606,0.011891009
12/1/1984,0.008175121,-0.013055977,0.00761287,0.007822431,0.00048841,0.00958121,-0.011207514,0.017744548,0.014159552,0.001731258
3/1/1985,0.009644213,-0.027801265,0.01093226,0.011775904,0.003278998,0.006416594,0.003280355,0.009001182,0.003701874,-0.002654493
6/1/1985,0.008766019,0.016888983,0.009863897,0.009634946,0.000669422,0.008048609,-0.001339663,0.012818445,-0.000291317,-0.005300157
9/1/1985,0.015155812,-0.006841009,0.015443306,0.017307368,-0.001367732,0.007556635,-0.004787438,-0.004064118,0.002466023,-0.003741312
12/1/1985,0.007405432,0.036195306,0.009014732,0.007274486,0.005837979,0.001565446,0.003686372,0.018824175,0.008900426,0.004252229
3/1/1986,0.009291737,-0.000293548,0.010365678,0.009802321,0.005997336,0.01029848,0.005009057,0.002856553,0.005450159,0.013608088
6/1/1986,0.004493728,-0.017613069,0.005153443,0.003889939,-0.006149322,0.014396489,-0.012306657,0.000226315,-0.004435034,-0.00925087
9/1/1986,0.009524818,-0.027267142,0.009323436,0.01057273,0.003914217,0.015761801,0.001628983,-0.004428667,0.004904785,0.004953706
12/1/1986,0.005356386,0.002988768,0.005414494,0.004900123,0.01140791,0.006717493,0.012402152,0.007688253,0.010180289,0.013166234
3/1/1987,0.007424088,0.026628827,0.007776462,0.007761575,0.013143079,0.004755178,0.013603447,-0.017435518,0.012054536,0.019889223
6/1/1987,0.010731193,0.000520902,0.012383548,0.012011971,0.017315919,0.009981549,0.019920075,0.015183675,0.012408986,0.022259145
9/1/1987,0.008638699,0.000145079,0.007072079,0.007488226,0.01851722,0.012112766,0.01948572,0.017140401,0.017972439,0.020827796
12/1/1987,0.017024778,0.065916905,0.020062977,0.018967648,0.024079044,0.005639569,0.026417112,-0.000447006,0.024771371,0.043448592
3/1/1988,0.005152964,-0.04919591,0.004461714,0.003722916,0.009029152,0.015260234,0.007582867,0.000581077,0.011757499,0.008954704
6/1/1988,0.013053109,0.023546928,0.016556343,0.015028683,0.008489003,0.01425716,0.011126894,0.019357063,0.008834001,0.017878106
9/1/1988,0.005842189,0.00554008,0.005263991,0.005135075,0.003597643,0.005173511,0.005962995,0.004666082,0.00121882,0.00530283
12/1/1988,0.013236962,0.015145051,0.013538906,0.013713285,0.007196007,0.017466927,0.004836284,0.011789086,0.0106377,0.016678561
3/1/1989,0.010114698,0.033377987,0.010457711,0.011554861,0.004498946,0.001742205,0.00346969,0.008885786,0.004985711,0.001563923
6/1/1989,0.00760371,-0.009719907,0.006942962,0.007453827,-0.003602878,-0.002592406,-0.005069656,0.001303296,-0.001810642,-0.015234587
9/1/1989,0.007381497,-0.009019166,0.007044862,0.007454804,-0.006156581,0.000561045,-0.004921269,0.017362781,-0.008731116,-0.009145325
12/1/1989,0.001968529,-0.007445512,0.000149751,0.000579781,0.004284932,0.000960897,0.002855029,-0.013025511,0.005226106,-0.00505963
3/1/1990,0.010868625,0.009881271,0.012240875,0.011673429,0.006605883,0.00911911,0.00449019,0.011798783,0.006391722,0.005231179
6/1/1990,0.003622513,0.000312237,0.002511451,0.002805051,0.007458611,0.003427457,0.007394304,-0.019961502,0.0097772,0.017010843
9/1/1990,0.000665008,-0.019575578,-0.001975391,-0.001161665,0.004162358,-0.000448696,0.005161101,-0.008237544,0.004508251,0.005848781
12/1/1990,-0.009145487,-0.057567427,-0.014725449,-0.013335512,-0.015607522,-0.024735849,-0.014925743,-0.026120192,-0.01844303,-0.029548938
3/1/1991,-0.004689416,-0.03384017,-0.006755447,-0.007620157,-0.019084219,-0.015587831,-0.020928935,-0.02798972,-0.014453828,-0.036749865
6/1/1991,0.007766947,-3.57E-06,0.009882469,0.009880003,0.005813409,0.021565842,0.005985656,0.00296168,0.006523155,0.007759874
9/1/1991,0.005040243,0.019606159,0.007357563,0.006044674,0.014058725,0.011302938,0.016325469,0.001173766,0.013201014,0.029674746
12/1/1991,0.003478928,0.034844616,0.003001948,0.003775615,0.002352199,-0.003963787,0.0024632,0.004298316,0.00203879,0.008354684
3/1/1992,0.011899437,-0.018645985,0.013708662,0.015270831,-0.00111351,0.012555922,0.002971992,0.01087362,-0.007234502,0.011065006
6/1/1992,0.010785164,0.055011818,0.012352218,0.012546944,0.017647508,0.007834033,0.015985579,0.032310021,0.020258661,0.027389597
9/1/1992,0.009834205,0.007917637,0.010633152,0.010846462,0.007663836,0.01130806,0.005817099,0.011408579,0.009606869,0.012714185
12/1/1992,0.010377613,0.030054703,0.012372754,0.011907426,0.010506471,0.014187882,0.010451564,0.028817479,0.012155274,0.013966557
3/1/1993,0.001672603,0.023302299,0.000193766,-0.000650007,0.00882047,0.010373232,0.008799595,0.007457235,0.00772755,0.019936079
6/1/1993,0.005807301,0.005736757,0.005427779,0.006201733,0.002275253,0.004626418,0.004264921,0.017825226,-0.001139512,0.010618287
9/1/1993,0.004761792,-0.00681473,0.010265259,0.004808707,0.003917152,0.008180217,0.003863323,0.015585977,0.003468822,0.010599052
12/1/1993,0.013509468,0.05121286,0.013331234,0.017077936,0.015060795,0.016329114,0.017171039,0.039375395,0.014145214,0.029649132
3/1/1994,0.009655399,0.037382364,0.009094997,0.011619544,0.012321957,0.016573582,0.014649468,0.011744512,0.009603271,0.023658679
6/1/1994,0.013459472,0.048009559,0.016945854,0.016216662,0.01795024,0.013376684,0.022312076,0.020008996,0.013529195,0.037660176
9/1/1994,0.005828136,-0.016470429,0.006016305,0.005931491,0.012690596,0.016656941,0.017019742,0.00824911,0.00947882,0.026360156
12/1/1994,0.01139013,0.040317078,0.014655711,0.014204412,0.02053935,0.020803075,0.022948996,0.023870056,0.019735151,0.038545929
3/1/1995,0.003541284,0.010446552,0.005487675,0.003073398,0.010210376,0.008422445,0.012901236,0.020959087,0.008434216,0.02238761
6/1/1995,0.002978967,-0.020988861,0.003226411,0.002740194,0.003171688,-0.001518746,0.003634092,-0.000673162,0.003856211,0.007473937
9/1/1995,0.008470797,-0.00597851,0.011347206,0.010662043,0.00912001,0.009928433,0.005795037,0.013868147,0.012171643,0.01737709
12/1/1995,0.006767261,0.024531245,0.008049712,0.008740785,0.008542529,0.013375572,0.012013503,0.019246756,0.003995882,0.030634957
3/1/1996,0.007461561,0.015931046,0.008158664,0.009451926,0.006716376,0.001995704,0.011503703,0.025231308,0.002564785,0.024496472
6/1/1996,0.016540916,0.046931746,0.018982828,0.019550584,0.021239885,0.015711288,0.021225239,0.030541093,0.023020816,0.032403981
9/1/1996,0.008929923,0.044423551,0.011933884,0.011030849,0.012879027,0.010543102,0.014548587,0.022456691,0.010465156,0.029386953
12/1/1996,0.010330278,-0.00131964,0.012200455,0.012373355,0.013932835,0.013482069,0.015127677,0.015833333,0.012212154,0.023571292
3/1/1997,0.006434895,0.019990715,0.006314671,0.006908283,0.018916464,0.024120667,0.021213542,0.018506052,0.017075603,0.034622703
6/1/1997,0.016483414,0.059391945,0.019458148,0.020017707,0.014185089,0.014644106,0.016517426,0.018886964,0.011933084,0.032367444
9/1/1997,0.012430896,0.013903763,0.014113623,0.01450525,0.022687113,0.019687643,0.02429593,0.034857929,0.023868656,0.034356518
12/1/1997,0.008551497,0.014809431,0.009706364,0.00916784,0.024762358,0.007739765,0.022949199,0.007369938,0.027927003,0.042595703
3/1/1998,0.009945181,0.042678935,0.012083489,0.011254321,0.011176694,0.014749187,0.0114449,0.029110902,0.01138267,0.021290943
6/1/1998,0.009215478,-0.006195019,0.010677337,0.010400319,0.00671342,0.01020214,0.004735365,0.033431246,0.00680543,0.004272495
9/1/1998,0.012447877,0.025384214,0.014637635,0.014779005,0.007366837,0.003032317,0.006638944,0.018981896,0.006133325,0.01852964
12/1/1998,0.016029638,0.030396343,0.019957682,0.019818608,0.01429497,0.023774481,0.020026281,0.027367287,0.010094295,0.044474761
3/1/1999,0.009420209,0.027089008,0.011601324,0.011365289,0.011001638,0.014951302,0.015498422,0.017359457,0.007423227,0.025731362
6/1/1999,0.007662157,0.000623961,0.008151875,0.008453271,0.009555581,0.012513932,0.016613184,0.023496633,0.003602999,0.028886059
9/1/1999,0.013011629,0.027069074,0.015714722,0.015205511,0.00887013,0.011449985,0.016616717,0.023022871,0.001270174,0.027638317
12/1/1999,0.016853037,0.026444039,0.019315198,0.019476426,0.017547214,0.015038729,0.01940949,0.005178352,0.016121075,0.026185135
3/1/2000,0.003611074,-0.007057548,0.00393114,0.005078393,0.010053918,0.004364372,0.013143592,0.028208053,0.005905696,0.027900743
6/1/2000,0.018146008,0.057515223,0.021905836,0.021821342,0.012029831,0.008683809,0.011798398,0.021872314,0.013375175,0.022303852
9/1/2000,0.001334662,-0.009860931,-0.000150047,0.000237169,-0.000973074,0.000115017,-0.001136837,0.004354649,0.000411048,0.009896914
12/1/2000,0.006209577,0.001913873,0.006792023,0.006580813,-0.002108434,-0.002666182,-0.003106844,0.003038306,0.000684705,-0.00652003
3/1/2001,-0.002855851,-0.046430576,-0.004868128,-0.005171439,-0.013279398,-0.006363236,-0.018990886,-0.005820056,-0.007109996,-0.023054179
6/1/2001,0.005828539,0.001425976,0.007138446,0.006039011,-0.012698794,-0.013322289,-0.014431927,-0.011781171,-0.009120364,-0.012760063
9/1/2001,-0.004159018,-0.021875663,-0.006813997,-0.007024116,-0.013883435,-0.004047016,-0.015099837,-0.00719207,-0.014093238,-0.022652545
12/1/2001,0.002720011,-0.050795898,0.001059963,0.002703597,-0.010524553,0.015224783,-0.011768012,-0.023076839,-0.008909416,-0.019812609
3/1/2002,0.008707125,0.029076127,0.012620378,0.00995378,0.007356898,-0.000511265,0.012831853,-0.008682802,0.003645074,0.019522735
6/1/2002,0.006039054,0.016297976,0.004102192,0.006214022,0.01542727,0.011814657,0.024203666,-0.00111628,0.005989631,0.031726678
9/1/2002,0.00443586,-0.001481353,0.004207494,0.004848539,0.005854682,0.003577316,0.006494762,-0.001476208,0.005624412,0.013860986
12/1/2002,0.001547029,-0.0006175,0.000524694,0.001047223,-0.000221949,-0.002665141,-0.002488324,-0.004201453,0.000141252,0.000325387
3/1/2003,0.005532336,0.007662634,0.005134768,0.005195511,0.006221605,-0.000163806,0.004243819,0.009033479,0.009135736,0.006595398
6/1/2003,0.008565807,0.00687768,0.009998876,0.010430562,-0.007501721,0.008389321,-0.007531385,0.023738548,-0.007052756,-0.003419128
9/1/2003,0.016839511,0.035789669,0.023723849,0.022076841,0.006609344,0.017749677,0.006103923,0.031906976,0.008156257,0.015039429
12/1/2003,0.011416256,0.033133758,0.014364431,0.013237979,0.009730368,0.006558485,0.015030662,0.017941736,0.004724526,0.027679642
3/1/2004,0.005323279,0.001982239,0.000763112,0.003821095,0.006996749,0.00736928,0.007049227,-0.002818375,0.007291312,0.014597356
6/1/2004,0.007591872,0.03916777,0.010325491,0.00845591,0.005700465,0.00879292,0.008179151,0.026905885,0.002614974,0.013118015
9/1/2004,0.009408878,0.015394469,0.010514315,0.011055235,0.00555303,0.008924038,0.005812742,0.02101912,0.004428501,0.013202072
12/1/2004,0.009966906,0.020649754,0.010192046,0.011236073,0.014131181,0.014115347,0.017732143,0.018056543,0.012136687,0.0219375
3/1/2005,0.011008815,0.027725266,0.013245522,0.012634926,0.014213586,0.012438647,0.012603445,0.017412937,0.015729222,0.017864852
6/1/2005,0.004604994,-0.013395502,0.003642268,0.003909029,0.00505351,0.012407532,-0.000290908,0.01685492,0.00944993,0.00268231
9/1/2005,0.008873849,0.013130246,0.010095615,0.010146932,-0.004595883,0.005009172,-0.015290676,0.017395942,0.003948559,0.007559052
12/1/2005,0.006294777,0.031990559,0.007389009,0.007316432,0.009659915,0.008516084,0.002644543,0.004553033,0.013699415,0.025721165
3/1/2006,0.013215165,0.014737546,0.01691808,0.01632462,0.009352951,0.015721012,0.017969602,0.01871145,0.001060183,0.012213266
6/1/2006,0.002334271,-0.006468881,0.001510381,0.002334714,0.005996722,-0.003039914,0.005737582,-0.005363152,0.010425437,0.002213073
9/1/2006,0.001545134,-0.003865588,0.002271908,0.001345289,0.003793541,0.000205293,0.005919411,-0.006426846,0.004527468,0.001530143
12/1/2006,0.008482573,-0.019591202,0.011785926,0.011294441,0.002200653,0.008169349,0.000568787,-0.007160112,0.00566054,-0.001868296
3/1/2007,0.002352163,-0.006904108,0.002961477,0.003135126,0.008777746,0.009036902,0.012555685,-0.00089332,0.00494251,0.017047427
6/1/2007,0.005712377,0.010969119,0.008169087,0.006966496,0.012203302,0.005170164,0.015418624,0.004685817,0.010518676,0.023847285
9/1/2007,0.005418009,-0.010144911,0.006363987,0.005837246,0.00275153,0.003979158,0.005925736,-0.005687488,0.003046759,0.007572254
12/1/2007,0.00606002,-0.012380378,0.005412552,0.005782886,0.003039842,0.0054248,0.009099693,-0.009533147,-0.002138144,0.012839291
3/1/2008,-0.005763576,-0.026662726,-0.011123814,-0.01026368,-0.003696464,-0.012062319,-0.002940224,-0.01545581,-0.002099121,0.001110281
6/1/2008,0.005150584,-0.018302522,0.004711823,0.004274746,-0.014849413,-0.007065573,-0.00895033,-0.008159616,-0.017298924,-0.013798889
9/1/2008,-0.005428262,-0.020253375,-0.008530602,-0.008858866,-0.033497532,-0.033726602,-0.03640055,-0.025631178,-0.032413047,-0.032838594
12/1/2008,-0.021875649,-0.101146375,-0.031258485,-0.030009532,-0.043714974,-0.048669972,-0.045027845,-0.06842279,-0.034821623,-0.101096466
3/1/2009,-0.011290448,-0.122799233,-0.016701308,-0.015773692,-0.057787844,-0.03717434,-0.059465897,-0.083032324,-0.048380513,-0.129250109
6/1/2009,-0.001440935,-0.059387275,-0.002129275,-0.002200604,-0.028909646,-0.019932978,-0.027511819,-0.03704578,-0.031020733,-0.058406864
9/1/2009,0.003634498,-0.002285379,0.003589845,0.004352943,0.014913626,0.014528126,0.021065241,0.003644093,0.012532206,0.039936486
12/1/2009,0.010923957,0.088435228,0.014081541,0.013524942,0.015572945,0.012004761,0.022273837,0.005027566,0.010665582,0.039628194
3/1/2010,0.003840414,0.022499033,0.004682193,0.004030604,0.019471448,0.010475725,0.02998149,-0.000388426,0.010642845,0.049932315
6/1/2010,0.009178036,0.051149405,0.011171875,0.011510171,0.01944893,0.020580127,0.024390441,0.035791111,0.013052623,0.049300143
9/1/2010,0.007345072,0.043630948,0.010975258,0.010878509,0.01297693,0.014064542,0.018364169,0.005394223,0.010309241,0.023404102
12/1/2010,0.005006472,-0.003190725,0.007644835,0.007017937,0.003313446,0.007709178,0.008090102,0.018739179,-0.002313848,0.018296152
3/1/2011,-0.002407308,-0.019031809,-0.005389054,-0.005256227,0.005596425,0.008513505,0.006339785,-0.001788147,0.006851563,0.025544638
6/1/2011,0.007124295,0.040097086,0.010274383,0.009247422,0.004006675,-0.002781985,0.007063001,0.023062833,0.000558837,0.010566107
9/1/2011,-0.000277825,0.003303105,-2.07E-05,0.000175412,0.011624079,0.011355483,0.010480002,0.041136891,0.014422231,0.01405751
12/1/2011,0.011526168,0.074247328,0.014117737,0.014859693,0.009871726,0.011157878,0.016301861,0.025284167,0.005778586,0.017079318
3/1/2012,0.007799433,0.020671955,0.011730132,0.011039336,0.0094855,0.012587353,0.014164074,0.030785598,0.00303587,0.021911697
6/1/2012,0.004292788,0.02276353,0.006078924,0.005604278,0.0063447,0.004924475,0.006387338,0.020003577,0.005305918,0.005414444
9/1/2012,0.001348572,0.004527578,0.002337453,0.001578359,0.000101972,0.000957747,0.002231414,0.001477112,-0.000864719,-0.005600047
12/1/2012,0.001138085,-0.008933257,0.00169473,0.00142637,0.005230613,0.010287286,0.010621044,0.017775699,-0.00062554,0.007574635
3/1/2013,0.00881776,0.036607978,0.010088783,0.011958985,0.007796949,0.012490628,0.009803271,0.016974239,0.004078941,0.011027973
6/1/2013,0.001233204,0.011124628,6.90E-05,0.001564768,0.004290994,0.002847218,0.007293057,0.008034614,6.97E-06,0.000528729
9/1/2013,0.007803624,0.037957248,0.009948281,0.010175018,0.003561164,0.00562677,0.009788158,0.017095505,-0.005482294,0.008258851
12/1/2013,0.007950798,0.003621722,0.011212349,0.010496446,0.00682103,0.015996775,0.007909866,0.013433129,0.005518131,0.016331217
3/1/2014,-0.002831056,-0.011155578,-0.004780207,-0.004953684,0.007674541,-0.000591507,0.014732833,0.009968736,0.000581183,0.005988552
6/1/2014,0.013446009,0.041335651,0.016994143,0.017017481,0.013285334,0.01131211,0.020409328,0.027438593,0.006353025,0.018627176
9/1/2014,0.01213539,0.020250832,0.015771899,0.015571535,0.005910885,0.008204363,0.009633985,0.018957461,0.001450193,0.010168803
12/1/2014,0.00561216,0.001084358,0.006763894,0.006863253,0.006540306,0.005530456,0.005473744,0.011603344,0.01036355,-0.00482491
3/1/2015,0.009446788,0.034290155,0.011144811,0.011730665,-0.007672118,0.005589327,-0.010156572,0.002858399,-0.00426381,-0.013830347
6/1/2015,0.006743344,0.003005768,0.008364715,0.00810663,-0.013518341,0.003834025,-0.016760332,0.008608489,-0.013213739,-0.011906555
9/1/2015,0.003619486,-0.002021369,0.003541442,0.00359711,-0.00017868,0.004473395,-0.004241611,0.008342255,0.005068499,-0.002679542
12/1/2015,0.001602339,-0.012099338,0.000901611,0.000990346,-0.013144227,0.003118391,-0.015896284,-0.002675343,-0.016578745,-0.011966093
3/1/2016,0.005648153,-0.006112658,0.006225291,0.006354803,-0.00518922,0.00442515,-0.008166832,0.004985019,-0.004349088,-0.006822482
6/1/2016,0.003114329,-0.00876774,0.002746386,0.003090357,-0.005786952,0.000179781,-0.008876249,0.003723965,-0.003443274,-0.006610624
9/1/2016,0.005429196,0.000348148,0.006035358,0.006250553,0.004580707,0.006886392,0.003685653,0.007838307,0.004412495,0.003707253
12/1/2016,0.006273265,0.026552361,0.008474135,0.007969305,0.003281454,0.009600604,0.003014038,0.006681283,0.002540752,0.003141763
3/1/2017,0.005640751,-0.003114324,0.005931,0.006136128,0.005842729,0.003138457,0.009884169,0.017251722,-1.01E-05,0.011234529
6/1/2017,0.004260352,0.009168915,0.005113658,0.004783688,0.013634526,0.000296148,0.01279982,0.003916963,0.0165145,0.002043874
9/1/2017,0.007261905,0.018367862,0.009426724,0.008916895,-0.002011151,0.011826124,-0.002630276,0.003003972,-0.001873003,-0.002694195
12/1/2017,0.009511396,0.015228774,0.011399294,0.011274057,0.018121311,0.017666599,0.026363187,0.022722157,0.011291687,0.016330318
3/1/2018,0.009273658,0.025991658,0.010504046,0.010969813,0.005643717,-0.002756737,0.007377108,0.020337065,0.005338918,0.009449596
6/1/2018,0.006664026,-0.002758951,0.007286038,0.007463575,0.011174238,0.003153551,0.019580535,0.010747777,0.003459254,0.007917307
9/1/2018,0.005238213,0.024346155,0.005745421,0.005622201,0.012567223,0.006483062,0.021237812,0.001961467,0.007386698,0.009377468
12/1/2018,0.003277836,0.009583527,0.003535427,0.00360243,0.00948148,0.004721374,0.011213867,0.006513761,0.008777115,0.011196519
3/1/2019,0.007225062,0.009528461,0.009378224,0.008866819,-0.004882059,0.012205407,-0.004693125,0.007038241,-0.006326958,-0.007796053
6/1/2019,0.003700307,-0.014863555,0.003026599,0.003219175,-0.005694419,-0.003197149,-0.002725475,-0.001081573,-0.008709731,-0.009585812
9/1/2019,0.00634895,0.004582555,0.007103375,0.007129597,0.002803763,0.010406442,0.004040694,0.006045111,0.001330508,-0.000433292
12/1/2019,0.005845202,-0.009444574,0.006947146,0.006908053,0.000932235,0.000870837,0.000363054,0.002432838,0.001512745,-0.005828985
3/1/2020,-0.012706938,-0.023521687,-0.016446169,-0.015600428,-0.017539536,-0.004742701,-0.01265317,-0.003480137,-0.027845674,-0.01456876
6/1/2020,-0.094158128,-0.156915677,-0.114856605,-0.11477954,-0.138847926,-0.068870953,-0.137818971,-0.086293768,-0.140452199,-0.194339073
9/1/2020,0.072122885,0.155613676,0.091335593,0.091539812,0.089985918,0.095512306,0.067307833,0.0681536,0.12456072,0.131456267
12/1/2020,0.010585816,0.061228341,0.01327709,0.013268295,0.022589169,0.008448753,0.024060387,0.042567452,0.015336722,0.031544061
